1,6135,0.98,-0.14,0.11,-0.00,-0.03,-0.22,-0.29,-1639,-2150,6981,8,-4,-1,0,0,0,-2
2,6177,0.99,-0.13,-0.03,0.07,-0.14,0.04,-0.26,126,-2452,8471,0,-2,0,0,0,0,-2
3,6253,0.85,-0.09,0.49,-0.17,0.42,-0.93,-0.32,-7542,-3874,4884,5,2,0,0,0,0,-2
4,6320,0.91,-0.34,0.20,0.05,-0.26,-0.42,-0.65,-4165,-4815,4465,1,-7,-1,0,0,0,-2
5,6398,-0.86,-0.14,-0.26,0.40,0.97,-0.61,0.03,-8294,-16456,4358,91,-4,0,0,0,0,-2
0,6481,0.99,-0.11,0.10,-0.01,-0.01,-0.19,-0.21,-1640,-2168,7058,8,-4,-1,0,0,0,-2
1,6867,0.85,0.07,-0.51,0.10,-0.48,1.07,0.01,7117,-18,4253,2,-1,-1,0,0,0,-2
2,6897,0.99,-0.13,-0.03,0.08,-0.16,0.04,-0.26,111,-2415,8479,0,-2,0,0,0,0,-2
3,6971,0.84,-0.06,0.49,-0.21,0.60,-0.93,-0.32,-7537,-3866,4871,5,2,0,0,0,0,-2
4,7040,0.92,-0.35,0.19,0.07,-0.28,-0.41,-0.65,-4153,-4817,4449,1,-7,-2,0,0,0,-2
5,7118,-0.51,-0.36,-0.21,0.75,1.80,-0.85,0.05,-8303,-16434,4360,91,-3,0,0,0,0,-2
0,7199,0.99,-0.06,0.08,-0.02,0.03,-0.16,-0.13,-1638,-2174,7048,8,-4,-1,0,0,0,-2
1,7586,0.85,0.08,-0.51,0.11,-0.53,1.07,0.02,7153,-10,4235,1,-2,-1,0,0,0,-2
2,7618,0.99,-0.13,-0.03,0.10,-0.18,0.04,-0.26,118,-2428,8463,0,-2,0,0,0,0,-2
3,7691,0.83,-0.04,0.49,-0.25,0.77,-0.93,-0.32,-7538,-3864,4892,5,2,0,0,0,0,-2
4,7759,0.92,-0.35,0.18,0.09,-0.31,-0.40,-0.65,-4151,-4816,4471,1,-7,-2,0,0,0,-2
5,7837,0.05,-0.44,-0.01,0.90,-3.02,-0.91,-0.06,-8299,-16419,4369,91,-3,0,0,0,0,-2
0,7918,1.00,-0.04,0.07,-0.03,0.06,-0.14,-0.08,-1630,-2149,7056,8,-3,-1,0,0,0,-2
1,8306,0.85,0.08,-0.51,0.13,-0.58,1.08,0.01,7091,-24,4251,1,-2,0,0,0,0,-2
2,8338,0.99,-0.13,-0.04,0.11,-0.21,0.04,-0.26,113,-2435,8497,0,-2,1,0,0,0,-2
3,8410,0.82,-0.02,0.50,-0.29,0.93,-0.93,-0.32,-7552,-3863,4890,5,1,0,0,0,0,-2
4,8479,0.91,-0.35,0.17,0.11,-0.34,-0.39,-0.65,-4144,-4831,4472,1,-7,-2,0,0,0,-2
5,8557,0.57,-0.36,0.21,0.70,-1.65,-0.86,-0.12,-8293,-16436,4376,91,-3,0,0,0,0,-2
0,8637,1.00,-0.02,0.07,-0.05,0.09,-0.13,-0.05,-1632,-2149,7056,8,-3,-1,0,0,0,-2
1,9024,0.85,0.09,-0.50,0.14,-0.62,1.07,0.01,7114,-7,4246,1,-1,0,0,0,0,-2
2,9058,0.98,-0.13,-0.04,0.12,-0.23,0.04,-0.26,126,-2436,8516,1,-2,1,0,0,0,-2
3,9127,0.80,0.01,0.50,-0.33,1.06,-0.93,-0.32,-7559,-3864,4908,5,2,0,0,0,0,-2
4,9199,0.91,-0.36,0.16,0.13,-0.37,-0.39,-0.65,-4142,-4818,4476,1,-7,-2,0,0,0,-2
5,9275,0.87,-0.17,0.37,0.27,-0.79,-0.83,-0.10,-8292,-16432,4390,91,-3,0,0,0,0,-2
0,9356,1.00,-0.01,0.06,-0.06,0.12,-0.12,-0.03,-1628,-2154,7063,8,-4,-1,0,0,0,-2
1,9743,0.85,0.10,-0.50,0.15,-0.67,1.07,0.02,7133,41,4222,1,-2,0,0,0,0,-2
2,9778,0.98,-0.12,-0.04,0.13,-0.25,0.04,-0.26,143,-2413,8491,1,-2,1,0,0,0,-2
3,9847,0.79,0.03,0.50,-0.36,1.18,-0.93,-0.32,-7521,-3840,4890,6,2,0,0,0,0,-2
4,9919,0.91,-0.36,0.15,0.15,-0.40,-0.39,-0.65,-4142,-4811,4485,1,-7,-2,0,0,0,-2
5,9994,0.88,0.07,0.40,-0.26,0.76,-0.83,-0.09,-8304,-16410,4356,91,-3,0,0,0,0,-2
0,10074,1.00,-0.01,0.06,-0.07,0.15,-0.12,-0.02,-1641,-2150,7070,8,-4,-1,0,0,0,-2
1,10463,0.84,0.11,-0.50,0.16,-0.71,1.07,0.02,7256,46,4285,1,-2,0,0,0,0,-2
2,10498,0.98,-0.12,-0.04,0.14,-0.28,0.04,-0.26,170,-2373,8354,-1,-2,1,0,0,0,-2
3,10566,0.77,0.05,0.49,-0.40,1.28,-0.93,-0.32,-7525,-3826,4910,5,1,0,0,0,0,-2
4,10640,0.90,-0.36,0.14,0.18,-0.43,-0.38,-0.65,-4115,-4840,4499,1,-7,-2,0,0,0,-2
5,10734,0.57,0.29,0.29,-0.71,1.76,-0.84,-0.08,-8290,-16419,4398,91,-4,0,0,0,0,-2
0,10813,0.99,-0.00,0.06,-0.09,0.18,-0.12,-0.01,-1614,-2106,7066,8,-4,-1,0,0,0,-2
1,11182,0.84,0.11,-0.50,0.18,-0.75,1.08,0.02,7151,25,4235,1,-2,0,0,0,0,1
2,11198,0.98,-0.12,-0.04,0.15,-0.30,0.05,-0.26,148,-2432,8527,0,-2,0,0,0,0,1
3,11285,0.75,0.08,0.49,-0.43,1.38,-0.93,-0.32,-7538,-3854,4910,5,2,-1,0,0,0,1
4,11360,0.90,-0.37,0.13,0.20,-0.47,-0.38,-0.66,-4088,-4792,4427,1,-6,-1,0,0,0,1
5,11433,0.09,0.40,0.09,-0.91,2.81,-0.84,-0.09,-8266,-16411,4351,91,-3,0,0,0,0,1
0,11531,0.99,0.00,0.06,-0.10,0.21,-0.12,-0.01,-1609,-2157,7037,8,-2,-1,0,0,0,1
1,11900,0.84,0.12,-0.50,0.19,-0.79,1.08,0.01,7126,-16,4235,1,-2,0,0,0,0,1
2,11937,0.98,-0.12,-0.04,0.17,-0.32,0.05,-0.26,134,-2441,8498,0,-2,0,0,0,0,1
3,12003,0.73,0.10,0.49,-0.47,1.46,-0.93,-0.32,-7534,-3853,4905,5,2,0,0,0,0,1
4,12081,0.90,-0.37,0.12,0.22,-0.50,-0.38,-0.66,-4113,-4827,4482,1,-7,-1,0,0,0,1
5,12172,-0.45,0.38,-0.16,-0.79,-1.92,-0.84,-0.09,-8271,-16429,4362,91,-3,0,0,0,0,1
0,12250,0.99,0.00,0.06,-0.12,0.24,-0.12,-0.01,-1625,-2159,7080,8,-4,-1,0,0,0,1
1,12619,0.84,0.13,-0.50,0.20,-0.82,1.08,0.02,7132,20,4223,1,-2,0,0,0,0,1
2,12639,0.98,-0.12,-0.05,0.18,-0.34,0.05,-0.26,124,-2438,8460,0,-2,0,0,0,0,1
3,12723,0.71,0.12,0.48,-0.50,1.53,-0.93,-0.32,-7535,-3868,4913,5,2,0,0,0,0,1
4,12800,0.89,-0.37,0.11,0.24,-0.53,-0.38,-0.66,-4122,-4831,4478,1,-7,-2,0,0,0,1
5,12871,-0.81,0.23,-0.34,-0.42,-1.11,-0.84,-0.09,-8293,-16424,4381,91,-4,0,0,0,0,1
0,12968,0.99,0.00,0.06,-0.13,0.27,-0.12,-0.01,-1627,-2133,7045,8,-4,-1,0,0,0,1
1,13339,0.83,0.13,-0.50,0.21,-0.86,1.08,0.01,7133,-14,4216,1,-2,0,0,0,0,1
2,13358,0.97,-0.12,-0.05,0.19,-0.37,0.05,-0.26,149,-2437,8478,0,-2,1,0,0,0,1
3,13442,0.68,0.14,0.47,-0.54,1.60,-0.93,-0.32,-7530,-3864,4912,5,1,0,0,0,0,1
4,13520,0.89,-0.37,0.10,0.26,-0.56,-0.38,-0.66,-4108,-4817,4488,1,-7,-2,0,0,0,1
5,13590,-0.91,0.00,-0.41,0.11,0.29,-0.84,-0.09,-8284,-16426,4371,91,-3,0,0,0,0,1
0,13687,0.99,0.01,0.06,-0.15,0.30,-0.12,-0.01,-1617,-2163,7065,8,-4,-1,0,0,0,1
1,14058,0.83,0.14,-0.49,0.22,-0.89,1.08,0.02,7145,19,4223,1,-1,0,0,0,0,1
2,14078,0.97,-0.12,-0.05,0.20,-0.39,0.05,-0.26,123,-2438,8512,0,-2,1,0,0,0,1
3,14160,0.66,0.17,0.47,-0.57,1.66,-0.93,-0.32,-7505,-3837,4901,6,2,0,0,0,0,-1
4,14240,0.88,-0.38,0.09,0.28,-0.59,-0.38,-0.66,-4130,-4832,4509,1,-7,-2,0,0,0,-1
5,14309,-0.69,-0.23,-0.34,0.59,1.51,-0.84,-0.09,-8265,-16430,4440,91,-3,0,0,0,0,-1
0,14405,0.99,0.01,0.06,-0.16,0.33,-0.12,-0.01,-1615,-2072,7051,4,-5,-1,0,0,0,-1
1,14777,0.81,0.14,-0.50,0.26,-1.01,1.10,-0.03,7247,-422,4057,2,-5,5,0,0,0,-1
2,14798,0.97,-0.12,-0.06,0.22,-0.42,0.07,-0.26,390,-2429,8418,3,-6,2,0,0,0,-1
3,14879,0.63,0.18,0.45,-0.60,1.72,-0.91,-0.32,-7572,-4018,5266,11,-3,-1,0,0,0,-1
4,14960,0.88,-0.36,0.07,0.30,-0.63,-0.35,-0.63,-3776,-4743,4643,9,-17,-1,0,0,0,-1
5,15048,-0.23,-0.36,-0.14,0.89,2.45,-0.79,-0.08,-7704,-16214,4735,91,-8,-1,0,0,0,-1
0,15124,0.99,-0.02,0.03,-0.17,0.33,-0.04,-0.05,-1143,-2516,7123,3,-14,-1,0,0,0,-1
1,15516,0.83,0.27,-0.43,0.25,-0.90,0.99,0.23,7139,1791,4768,17,-8,-22,0,0,0,-1
2,15539,0.97,-0.02,-0.09,0.24,-0.49,0.16,-0.08,1263,-1493,9681,47,1,-1,0,0,0,-1
3,15618,0.68,0.29,0.25,-0.63,1.49,-0.77,0.08,-6730,-1451,6615,67,-34,61,0,0,0,-1
4,15699,0.91,-0.09,0.10,0.40,-0.85,-0.25,-0.08,-2178,-1379,5794,81,-14,16,0,0,0,-1
5,15788,0.25,-0.29,0.13,0.91,-2.49,-0.65,0.09,-5910,-11483,4113,91,5,1,0,0,0,-1
0,15862,0.96,0.22,-0.10,-0.15,0.26,0.12,0.47,7,854,5081,51,-9,-5,0,0,0,-1
1,16235,0.80,0.47,-0.35,0.11,-0.61,0.73,0.75,5392,5189,3046,7,11,1,0,0,0,-1
2,16258,0.90,0.33,0.07,0.26,-0.47,0.06,0.69,-100,4774,7096,8,-12,11,0,0,0,-1
3,16337,0.69,0.43,0.01,-0.58,1.19,-0.54,0.62,-3815,2434,4649,6,1,1,0,0,0,-1
4,16420,0.88,0.09,0.19,0.41,-0.87,-0.27,0.33,-2292,1165,3756,-3,8,-5,0,0,0,-1
5,16487,0.59,-0.19,0.50,0.61,-1.82,-0.97,0.39,-7019,-9884,3493,91,7,-4,0,0,0,-1
0,16561,0.95,0.24,-0.08,-0.17,0.31,0.07,0.51,-212,1062,5987,-19,-12,-17,0,0,0,-1
1,16955,0.78,0.51,-0.30,0.18,-0.65,0.70,0.78,5265,6282,2857,-33,-10,-15,0,0,0,-1
2,16978,0.94,0.27,0.02,0.20,-0.37,0.06,0.55,254,4306,7464,-14,-2,-16,0,0,0,-1
3,17055,0.63,0.38,-0.03,-0.68,1.48,-0.50,0.54,-3011,3065,5199,12,-21,-4,0,0,0,-1
4,17140,0.95,0.11,0.11,0.26,-0.52,-0.16,0.27,-1900,2664,4959,-18,15,-8,0,0,0,-1
5,17225,0.81,0.10,0.57,-0.06,0.60,-1.23,0.10,-7914,-9681,5248,91,8,-4,0,0,0,-1
0,17299,0.93,0.23,-0.10,-0.27,0.50,0.05,0.50,-679,966,5570,-7,-20,7,0,0,0,-1
1,17673,0.81,0.47,-0.34,0.08,-0.54,0.68,0.78,4574,4018,4367,2,-7,16,0,0,0,-1
2,17698,0.94,0.30,0.02,0.15,-0.28,0.05,0.61,-442,3619,7758,-12,12,8,0,0,0,-1
3,17774,0.60,0.45,-0.01,-0.66,1.42,-0.62,0.59,-3781,2632,4544,-3,23,-2,0,0,0,-1
4,17861,0.95,0.10,0.16,0.27,-0.53,-0.25,0.28,-3387,914,6737,-8,5,1,0,0,0,-1
5,17925,0.61,0.40,0.33,-0.60,1.51,-1.08,0.09,-6592,-9665,4971,91,-9,-6,0,0,0,-1
0,18018,0.92,0.23,-0.12,-0.28,0.51,0.10,0.51,-316,1590,6482,-34,-32,13,0,0,0,-1
1,18393,0.80,0.48,-0.34,0.05,-0.50,0.65,0.83,4073,6000,2438,7,-12,21,0,0,0,-1
2,18418,0.92,0.34,0.03,0.19,-0.33,0.07,0.70,872,5708,5762,-12,-19,4,0,0,0,-1
3,18494,0.61,0.47,-0.02,-0.64,1.35,-0.61,0.63,-4816,3385,4995,-38,25,-6,0,0,0,-1
4,18580,0.94,0.12,0.14,0.28,-0.55,-0.21,0.30,-1967,1542,6594,-20,-20,1,0,0,0,-1
5,18664,0.11,0.52,-0.06,-0.85,2.87,-1.04,0.21,-6225,-10257,6546,91,-11,-3,0,0,0,-1
0,18736,0.93,0.24,-0.17,-0.23,0.40,0.20,0.56,743,1052,5771,30,-13,-3,0,0,0,-1
1,19112,0.78,0.45,-0.43,0.08,-0.70,0.84,0.69,5758,5468,1905,-21,-37,22,0,0,0,-1
2,19138,0.96,0.22,-0.05,0.19,-0.40,0.18,0.41,1942,3116,10170,-44,-7,-2,0,0,0,-1
3,19232,0.63,0.40,0.07,-0.66,1.44,-0.66,0.43,-4489,1311,6546,-4,-5,1,0,0,0,-1
4,19301,0.96,0.09,0.10,0.27,-0.53,-0.14,0.22,-1587,1240,5249,21,-17,-1,0,0,0,-1
5,19383,-0.49,0.38,-0.37,-0.69,-1.80,-1.09,0.13,-5052,-10474,4643,91,-19,-7,0,0,0,-1
0,19456,0.92,0.25,-0.21,-0.21,0.33,0.29,0.58,1207,1026,5173,11,-2,-2,0,0,0,-1
1,19830,0.76,0.47,-0.45,0.07,-0.74,0.84,0.70,6022,5293,1711,2,-2,0,0,0,0,-1
2,19859,0.94,0.27,-0.05,0.20,-0.42,0.21,0.51,1388,4118,7890,6,1,1,0,0,0,-1
3,19932,0.62,0.40,0.01,-0.67,1.45,-0.59,0.51,-3427,2090,5572,6,0,1,0,0,0,2
4,20001,0.95,0.13,0.09,0.25,-0.49,-0.11,0.30,-2082,1495,5891,5,-6,-1,0,0,0,2
5,20082,-0.82,0.06,-0.52,-0.22,-0.86,-1.08,0.13,-5094,-10251,5020,91,-3,0,0,0,0,2
0,20174,0.92,0.26,-0.22,-0.20,0.29,0.31,0.60,1391,1251,5163,5,-2,-1,0,0,0,2
1,20550,0.75,0.47,-0.45,0.07,-0.74,0.85,0.70,6083,5297,1817,1,1,-2,0,0,0,2
2,20579,0.94,0.27,-0.05,0.21,-0.43,0.21,0.52,1286,4173,7566,2,-1,1,0,0,0,2
3,20651,0.61,0.40,0.01,-0.68,1.49,-0.59,0.50,-3489,2049,5722,9,1,1,0,0,0,2
4,20721,0.96,0.14,0.09,0.23,-0.44,-0.11,0.31,-2009,1564,5826,2,-6,-1,0,0,0,2
5,20801,-0.77,-0.29,-0.43,0.37,1.16,-1.07,0.13,-5000,-10068,4906,91,-5,-1,0,0,0,2
0,20892,0.92,0.26,-0.23,-0.19,0.28,0.33,0.60,1351,1263,5212,9,-4,-2,0,0,0,2
1,21269,0.75,0.48,-0.45,0.07,-0.74,0.84,0.72,5977,5386,1621,1,-1,-1,0,0,0,2
2,21299,0.93,0.28,-0.05,0.21,-0.44,0.21,0.53,1448,4276,7443,2,-1,-1,0,0,0,2
3,21369,0.60,0.40,-0.01,-0.69,1.53,-0.58,0.51,-3356,2140,5598,6,2,0,0,0,0,2
4,21441,0.96,0.15,0.08,0.20,-0.38,-0.10,0.33,-2036,1654,5976,5,-7,-1,0,0,0,2
5,21521,-0.35,-0.50,-0.13,0.78,1.93,-1.06,0.14,-4964,-9979,4930,91,-4,0,0,0,0,2
0,21610,0.92,0.26,-0.24,-0.19,0.26,0.35,0.61,1407,1309,5248,8,-4,-1,0,0,0,2
1,21988,0.75,0.48,-0.44,0.08,-0.75,0.84,0.72,6009,5362,1595,1,-2,0,0,0,0,2
2,22019,0.93,0.29,-0.05,0.22,-0.45,0.22,0.54,1474,4320,7445,1,-3,1,0,0,0,2
3,22087,0.58,0.40,-0.02,-0.71,1.57,-0.58,0.51,-3239,2193,5592,5,1,0,0,0,0,2
4,22160,0.97,0.16,0.08,0.18,-0.33,-0.09,0.34,-2007,1803,5712,1,-8,-1,0,0,0,2
5,22240,0.23,-0.47,0.23,0.82,-2.21,-1.07,0.15,-4923,-9907,4923,91,-3,0,0,0,0,2
0,22329,0.92,0.26,-0.24,-0.18,0.24,0.36,0.61,1424,1334,5271,8,-3,-2,0,0,0,2
1,22707,0.75,0.48,-0.45,0.08,-0.76,0.85,0.71,6054,5327,1684,1,0,0,0,0,0,2
2,22738,0.93,0.29,-0.05,0.22,-0.46,0.23,0.53,1520,4352,7453,-1,-2,1,0,0,0,2
3,22807,0.57,0.40,-0.02,-0.72,1.61,-0.58,0.51,-3249,2228,5602,5,2,-1,0,0,0,2
4,22881,0.97,0.16,0.07,0.15,-0.28,-0.09,0.34,-1971,1753,5742,1,-5,-1,0,0,0,2
5,22959,0.71,-0.22,0.48,0.46,-1.45,-1.09,0.14,-4929,-10016,4912,91,-1,0,0,0,0,2
0,23048,0.92,0.26,-0.24,-0.17,0.23,0.36,0.60,1380,1260,5260,6,-3,-2,0,0,0,2
1,23426,0.78,0.45,-0.42,0.11,-0.71,0.84,0.67,6006,5048,2385,-16,22,3,0,0,0,2
2,23458,0.95,0.25,-0.01,0.21,-0.42,0.12,0.48,793,3884,7693,-13,20,-11,0,0,0,-1
3,23526,0.52,0.45,0.03,-0.72,1.63,-0.75,0.44,-4681,2029,5382,6,24,-13,0,0,0,-1
4,23621,0.98,0.10,0.16,0.10,-0.18,-0.30,0.24,-3483,1050,5597,-5,12,-8,0,0,0,-1
5,23698,0.79,0.13,0.57,-0.18,1.00,-1.25,-0.01,-7046,-10546,5714,91,13,-2,0,0,0,-1
0,23767,0.94,0.26,-0.10,-0.21,0.36,0.09,0.56,-642,1012,6019,8,2,-2,0,0,0,-1
1,24145,0.83,0.41,-0.36,0.12,-0.60,0.76,0.64,5640,4913,3974,0,-2,-2,0,0,0,-1
2,24179,0.95,0.21,0.06,0.20,-0.38,-0.03,0.44,-602,3636,8029,1,0,-1,0,0,0,-1
3,24245,0.48,0.49,0.05,-0.73,1.66,-0.87,0.40,-5541,2039,4883,6,3,-1,0,0,0,-1
4,24322,0.97,0.09,0.21,0.08,-0.12,-0.40,0.20,-4165,787,5431,-1,1,-3,0,0,0,-1
5,24397,0.51,0.40,0.31,-0.70,1.75,-1.06,-0.03,-7453,-10305,5178,91,0,0,0,0,0,-1
0,24485,0.93,0.27,-0.07,-0.23,0.41,0.01,0.56,-916,1074,5898,7,5,-6,0,0,0,-1
1,24863,0.87,0.37,-0.29,0.14,-0.53,0.65,0.59,5018,4618,5091,-11,18,1,0,0,0,-1
2,24899,0.96,0.16,0.14,0.20,-0.37,-0.21,0.37,-2220,3012,8059,-10,22,-4,0,0,0,-1
3,24964,0.41,0.57,0.11,-0.70,1.59,-1.11,0.32,-6988,1670,3929,10,29,-9,0,0,0,-1
4,25040,0.93,0.02,0.36,0.05,-0.10,-0.72,0.08,-6049,3,3938,-9,29,-5,0,0,0,-1
5,25115,-0.08,0.59,-0.03,-0.80,-2.60,-1.26,-0.05,-10038,-10921,4947,91,39,-3,0,0,0,-1
0,25204,0.90,0.28,0.17,-0.27,0.64,-0.48,0.43,-4398,314,5541,3,43,-16,0,0,0,-1
1,25583,0.96,0.19,0.01,0.22,-0.42,0.05,0.38,296,2910,8210,-8,33,-4,0,0,0,-1
2,25619,0.88,-0.03,0.44,0.20,-0.61,-0.89,0.11,-7069,931,5601,-7,18,-2,0,0,0,-1
3,25682,0.24,0.76,0.25,-0.55,1.16,-1.26,0.09,-10371,680,-374,6,19,-4,0,0,0,-1
4,25761,0.76,-0.10,0.64,0.05,-0.84,-1.38,-0.10,-8874,-1125,-314,1,-4,-2,0,0,0,-1
5,25856,-0.68,0.48,-0.41,-0.37,-1.18,-1.17,-0.34,-13934,-11152,1891,91,-4,0,0,0,0,-1
0,25922,0.79,0.30,0.42,-0.32,1.05,-1.04,0.21,-7676,-586,3402,8,-7,-1,0,0,0,-1
1,26303,0.96,0.19,0.04,0.22,-0.43,0.01,0.38,-198,2931,8284,3,-3,0,0,0,0,-1
2,26339,0.87,-0.04,0.44,0.20,-0.63,-0.90,0.12,-6829,903,5126,0,-2,-1,0,0,0,-1
3,26400,0.21,0.75,0.21,-0.59,1.22,-1.35,0.06,-10307,641,-815,4,2,-1,0,0,0,-1
4,26481,0.76,-0.11,0.64,0.03,-0.80,-1.36,-0.12,-8682,-1158,-359,0,-6,-2,0,0,0,-1
5,26555,-0.84,0.05,-0.52,0.12,0.34,-1.06,-0.20,-13844,-11247,2081,91,-5,0,0,0,0,-1
0,26641,0.76,0.30,0.41,-0.40,1.18,-1.04,0.13,-7457,-631,3491,6,-3,-1,0,0,0,-1
1,27021,0.96,0.19,0.03,0.22,-0.43,0.02,0.39,-56,2984,8313,0,-3,-2,0,0,0,3
2,27039,0.88,-0.03,0.43,0.21,-0.63,-0.88,0.13,-6943,873,5205,0,-2,0,0,0,0,3
3,27120,0.18,0.74,0.18,-0.62,1.25,-1.40,0.05,-10183,588,-656,5,2,-1,0,0,0,3
4,27202,0.76,-0.11,0.64,0.02,-0.76,-1.35,-0.14,-8796,-1207,-317,0,-6,-1,0,0,0,3
5,27273,-0.58,-0.34,-0.41,0.61,1.67,-1.12,-0.11,-13757,-11181,1998,91,-7,-1,0,0,0,3
0,27360,0.73,0.31,0.39,-0.46,1.29,-1.04,0.09,-7426,-631,3629,8,-5,-1,0,0,0,3
1,27741,0.96,0.19,0.03,0.22,-0.43,0.03,0.39,-41,3001,8339,2,-2,0,0,0,0,3
2,27759,0.88,-0.03,0.43,0.21,-0.62,-0.87,0.13,-6946,927,5337,1,-1,1,0,0,0,3
3,27839,0.15,0.74,0.14,-0.64,1.22,-1.42,0.05,-10226,617,-610,5,2,0,0,0,0,3
4,27921,0.76,-0.11,0.64,0.02,-0.72,-1.35,-0.14,-8710,-1157,-257,1,-7,-1,0,0,0,3
5,27993,-0.02,-0.55,-0.09,0.83,2.82,-1.16,-0.12,-13779,-11169,1953,91,-2,1,0,0,0,3
0,28079,0.70,0.33,0.38,-0.51,1.38,-1.05,0.07,-7395,-567,3565,8,-4,-2,0,0,0,3
1,28460,0.95,0.20,0.03,0.22,-0.43,0.03,0.40,10,2990,8318,1,-2,0,0,0,0,3
2,28479,0.88,-0.02,0.43,0.21,-0.62,-0.87,0.14,-6903,904,5314,0,-2,0,0,0,0,3
3,28558,0.12,0.74,0.10,-0.65,1.15,-1.43,0.05,-10243,626,-617,4,3,0,0,0,0,3
4,28641,0.76,-0.11,0.64,0.01,-0.69,-1.35,-0.15,-8796,-1203,-223,1,-7,-2,0,0,0,3
5,28711,0.54,-0.47,0.29,0.63,-1.54,-1.15,-0.14,-13786,-11186,2098,91,-3,0,0,0,0,3
0,28796,0.66,0.35,0.36,-0.56,1.45,-1.04,0.06,-7386,-598,3615,8,-2,-1,0,0,0,3
1,29179,0.96,0.19,0.03,0.22,-0.43,0.03,0.39,-44,2973,8348,1,-2,0,0,0,0,3
2,29199,0.88,-0.03,0.43,0.21,-0.62,-0.87,0.14,-6973,859,5378,1,-3,1,0,0,0,3
3,29276,0.09,0.75,0.07,-0.66,1.01,-1.44,0.04,-10215,602,-646,5,2,-1,0,0,0,3
4,29362,0.76,-0.11,0.64,0.00,-0.66,-1.34,-0.16,-8823,-1228,-244,1,-6,-2,0,0,0,3
5,29431,0.83,-0.16,0.53,0.11,-0.70,-1.14,-0.14,-13812,-11206,1952,91,-2,0,0,0,0,3
0,29515,0.62,0.37,0.33,-0.61,1.53,-1.04,0.05,-7412,-614,3608,8,-5,-1,0,0,0,3
1,29897,0.96,0.20,0.03,0.22,-0.43,0.04,0.39,-14,3024,8370,2,-2,-1,0,0,0,3
2,29920,0.88,-0.02,0.43,0.21,-0.62,-0.87,0.14,-6952,907,5325,1,-1,1,0,0,0,3
3,29996,0.05,0.75,0.03,-0.66,0.71,-1.44,0.04,-10250,559,-541,5,2,0,0,0,0,3
4,30082,0.76,-0.10,0.64,0.00,-0.63,-1.35,-0.16,-8783,-1168,-321,1,-9,-1,0,0,0,3
5,30149,0.69,0.24,0.50,-0.46,1.49,-1.15,-0.13,-13766,-11202,1859,91,-3,-1,0,0,0,3
0,30234,0.58,0.39,0.31,-0.65,1.60,-1.04,0.05,-7403,-591,3671,8,-2,-2,0,0,0,3
1,30617,0.96,0.19,0.02,0.22,-0.43,0.04,0.39,33,3003,8390,1,-1,0,0,0,0,3
2,30640,0.88,-0.03,0.43,0.21,-0.62,-0.87,0.13,-6942,862,5370,0,-1,0,0,0,0,3
3,30714,0.02,0.75,-0.01,-0.66,0.10,-1.44,0.04,-10299,592,-568,6,4,0,0,0,0,3
4,30802,0.76,-0.10,0.64,-0.00,-0.60,-1.34,-0.16,-8792,-1272,-202,2,-7,-2,0,0,0,3
5,30869,0.21,0.51,0.22,-0.81,2.19,-1.14,-0.14,-13762,-11269,1974,91,-3,-1,0,0,0,-1
0,30952,0.53,0.40,0.28,-0.69,1.68,-1.03,0.04,-7376,-663,3612,8,-3,-1,0,0,0,-1
1,31336,0.96,0.19,0.03,0.22,-0.43,0.04,0.39,107,3005,8261,2,3,0,0,0,0,-1
2,31360,0.88,-0.03,0.43,0.21,-0.62,-0.87,0.13,-6673,926,5120,-2,2,0,0,0,0,-1
3,31433,-0.01,0.75,-0.04,-0.66,-0.60,-1.44,0.04,-10292,494,-537,7,0,0,0,0,0,-1
4,31521,0.76,-0.10,0.65,-0.01,-0.64,-1.35,-0.17,-8874,-1300,-297,1,-1,-2,0,0,0,-1
5,31588,-0.38,0.53,-0.18,-0.74,-1.76,-1.16,-0.14,-13875,-11205,1659,91,7,1,0,0,0,-1
0,31671,0.48,0.43,0.27,-0.72,1.76,-1.07,0.03,-7473,-784,3369,9,3,-4,0,0,0,-1
1,32056,0.96,0.15,0.10,0.24,-0.45,-0.12,0.33,-1088,2638,8471,-5,26,-2,0,0,0,-1
2,32079,0.84,-0.08,0.50,0.21,-0.80,-1.05,0.08,-7332,547,3971,-10,26,-2,0,0,0,-1
3,32173,-0.06,0.83,-0.06,-0.55,-0.41,-1.17,-0.03,-10112,31,-3623,9,67,-9,0,0,0,-1
4,32242,0.62,-0.15,0.77,0.02,-2.19,-1.30,-0.16,-9735,-1373,-3009,-16,28,9,0,0,0,-1
5,32327,-0.70,0.32,-0.61,-0.19,-1.30,-1.35,-0.22,-14865,-10994,-1288,91,47,12,0,0,0,-1
0,32409,0.32,0.61,0.39,-0.61,1.63,-1.48,-0.08,-9105,-1417,-180,8,41,-1,0,0,0,-1
1,32795,0.87,0.03,0.42,0.25,-0.67,-0.80,0.26,-5914,2068,5548,-2,19,1,0,0,0,-1
2,32820,0.62,-0.18,0.73,0.24,-1.89,-1.39,0.13,-7373,917,-1031,-4,21,-4,0,0,0,-1
3,32911,-0.07,0.93,-0.12,-0.33,-0.34,-0.69,-0.04,-8346,243,-6755,3,5,-3,0,0,0,-1
4,32983,0.43,-0.15,0.89,0.07,-2.63,-0.91,0.00,-7395,169,-6578,1,-4,-4,0,0,0,-1
5,33067,-0.56,-0.16,-0.67,0.46,1.98,-1.12,-0.45,-14767,-9620,-4543,91,-2,-1,0,0,0,-1
0,33147,0.21,0.70,0.41,-0.55,1.48,-1.22,-0.15,-9018,-1368,-3244,7,1,-2,0,0,0,-1
1,33533,0.87,0.01,0.42,0.25,-0.69,-0.82,0.24,-6439,1725,5640,1,-4,2,0,0,0,4
2,33560,0.61,-0.19,0.73,0.23,-1.89,-1.39,0.12,-8039,809,-1212,0,-4,0,0,0,0,4
3,33630,-0.10,0.92,-0.14,-0.36,-0.43,-0.76,-0.08,-8306,104,-7020,5,1,0,0,0,0,4
4,33722,0.45,-0.16,0.88,0.07,-2.59,-0.95,-0.03,-7212,46,-6616,2,-7,-2,0,0,0,4
5,33805,-0.15,-0.51,-0.33,0.78,2.22,-1.11,-0.37,-14704,-9765,-4624,91,-3,-1,0,0,0,4
0,33887,0.17,0.70,0.37,-0.58,1.50,-1.24,-0.19,-8929,-1441,-3209,8,-2,-2,0,0,0,4
1,34252,0.88,0.02,0.42,0.24,-0.64,-0.80,0.24,-6478,1681,5598,3,-3,0,0,0,0,4
2,34280,0.62,-0.18,0.73,0.23,-1.88,-1.39,0.11,-8146,730,-1487,2,-3,1,0,0,0,4
3,34349,-0.12,0.90,-0.17,-0.37,-0.54,-0.80,-0.09,-8102,-44,-6878,6,3,-1,0,0,0,4
4,34443,0.46,-0.15,0.87,0.06,-2.59,-0.96,-0.04,-7198,33,-6875,0,-6,-4,0,0,0,4
5,34525,0.38,-0.61,0.12,0.68,-1.52,-1.19,-0.30,-14622,-9804,-4624,91,-4,-2,0,0,0,4
0,34605,0.12,0.72,0.33,-0.60,1.47,-1.23,-0.22,-8950,-1529,-3277,8,-1,-2,0,0,0,4
1,34972,0.88,0.02,0.41,0.23,-0.62,-0.80,0.23,-6564,1533,5568,1,-4,0,0,0,0,4
2,35000,0.62,-0.18,0.73,0.22,-1.89,-1.39,0.10,-8161,649,-1499,-1,-2,0,0,0,0,4
3,35087,-0.14,0.90,-0.20,-0.37,-0.62,-0.81,-0.10,-8263,-13,-6856,6,-2,0,0,0,0,4
4,35162,0.46,-0.16,0.87,0.06,-2.58,-0.97,-0.05,-7283,-46,-6906,0,-7,-2,0,0,0,4
5,35245,0.74,-0.38,0.51,0.24,-1.10,-1.19,-0.32,-14863,-9827,-4637,91,-3,0,0,0,0,4
0,35323,0.09,0.73,0.29,-0.61,1.41,-1.24,-0.23,-8920,-1585,-3299,8,-4,-1,0,0,0,4
1,35690,0.88,0.02,0.41,0.22,-0.60,-0.80,0.22,-6567,1574,5597,1,-1,0,0,0,0,4
2,35720,0.62,-0.18,0.74,0.22,-1.90,-1.39,0.10,-8073,674,-1525,0,-3,0,0,0,0,4
3,35786,-0.15,0.89,-0.23,-0.37,-0.70,-0.81,-0.10,-8197,-113,-6891,6,0,-1,0,0,0,4
4,35883,0.46,-0.16,0.87,0.05,-2.59,-0.97,-0.05,-7255,-115,-6769,1,-6,-1,0,0,0,4
5,35962,0.71,0.06,0.63,-0.32,1.56,-1.19,-0.32,-14741,-9866,-4803,91,-2,0,0,0,0,4
0,36042,0.04,0.75,0.25,-0.62,1.30,-1.23,-0.24,-9004,-1577,-3384,7,-4,-2,0,0,0,4
1,36410,0.88,0.02,0.41,0.22,-0.57,-0.80,0.22,-6496,1654,5616,1,-2,0,0,0,0,4
2,36441,0.62,-0.17,0.74,0.21,-1.91,-1.39,0.10,-8115,678,-1543,0,-1,0,0,0,0,4
3,36526,-0.17,0.88,-0.27,-0.36,-0.78,-0.81,-0.10,-8122,-99,-7007,4,2,0,0,0,0,4
4,36602,0.46,-0.15,0.87,0.05,-2.60,-0.97,-0.05,-7178,-100,-6818,2,-7,-1,0,0,0,4
5,36681,0.31,0.46,0.43,-0.71,1.99,-1.18,-0.32,-14710,-9884,-4761,91,-4,0,0,0,0,4
0,36761,0.01,0.76,0.20,-0.62,1.10,-1.23,-0.24,-8902,-1626,-3405,8,-3,-1,0,0,0,4
1,37129,0.89,0.03,0.41,0.21,-0.54,-0.80,0.23,-6505,1666,5667,2,-3,0,0,0,0,4
2,37159,0.62,-0.17,0.74,0.21,-1.91,-1.39,0.11,-8141,667,-1523,0,-2,1,0,0,0,4
3,37243,-0.18,0.86,-0.30,-0.36,-0.86,-0.82,-0.10,-8094,-145,-6777,6,3,-1,0,0,0,4
4,37322,0.47,-0.15,0.87,0.05,-2.60,-0.98,-0.05,-7119,-96,-6804,1,-7,-2,0,0,0,4
5,37401,-0.25,0.63,0.00,-0.74,-1.83,-1.18,-0.32,-14767,-9878,-4668,91,-5,-1,0,0,0,4
0,37479,-0.03,0.77,0.15,-0.62,0.84,-1.24,-0.24,-8963,-1604,-3426,8,-6,-2,0,0,0,4
1,37867,0.89,0.04,0.40,0.20,-0.50,-0.79,0.23,-6424,1634,5662,2,-2,0,0,0,0,4
2,37901,0.63,-0.16,0.74,0.20,-1.90,-1.40,0.10,-8130,655,-1464,0,-3,0,0,0,0,4
3,37984,-0.20,0.85,-0.33,-0.36,-0.94,-0.84,-0.10,-8290,-85,-6785,6,1,0,0,0,0,4
4,38063,0.47,-0.15,0.87,0.05,-2.59,-0.99,-0.06,-7363,-118,-6867,1,-8,-2,0,0,0,4
5,38140,-0.69,0.46,-0.42,-0.37,-1.19,-1.18,-0.31,-14826,-9903,-4548,91,-5,-1,0,0,0,-1
0,38217,-0.07,0.77,0.10,-0.63,0.38,-1.26,-0.24,-9118,-1523,-3145,9,-9,1,0,0,0,-1
1,38606,0.91,0.07,0.35,0.20,-0.43,-0.66,0.27,-5383,2060,6219,-2,-13,-1,0,0,0,-1
2,38639,0.68,-0.13,0.70,0.21,-1.68,-1.46,0.11,-8374,629,-269,3,-13,-3,0,0,0,-1
3,38722,-0.23,0.81,-0.35,-0.42,-1.08,-0.99,-0.07,-9117,193,-5952,2,-15,0,0,0,0,-1
4,38802,0.56,-0.14,0.81,0.04,-2.43,-1.18,-0.09,-8268,-352,-5596,5,-33,-3,0,0,0,-1
5,38880,-0.82,0.04,-0.55,0.17,0.59,-1.09,-0.26,-15543,-10223,-2240,91,-33,-2,0,0,0,-1
0,38957,-0.06,0.67,0.04,-0.74,-2.76,-1.39,-0.15,-9505,-903,-423,6,-73,24,0,0,0,-1
1,39346,0.85,0.50,-0.15,0.07,-0.28,0.34,0.97,1916,6655,5390,98,-96,-25,0,0,0,-1
2,39379,0.88,0.36,0.22,0.22,-0.27,-0.22,0.82,-2514,5063,5382,104,-71,50,0,0,0,-1
3,39461,-0.26,0.14,-0.49,-0.82,-2.55,-0.50,0.82,-4145,4414,196,49,-49,50,0,0,0,-1
4,39542,0.88,0.40,0.25,0.03,0.17,-0.43,0.80,-3627,5078,1340,54,-24,32,0,0,0,-1
5,39618,-0.88,-0.26,0.08,0.40,0.78,-0.07,0.54,-7545,-5382,949,91,-29,15,0,0,0,-1
0,39695,0.02,0.02,-0.50,-0.87,3.13,-0.02,1.04,-882,4653,1003,37,-16,16,0,0,0,-1
1,40085,0.65,0.72,-0.21,-0.13,-0.15,0.08,1.42,523,8043,-219,12,0,-9,0,0,0,-1
2,40120,0.72,0.66,0.11,0.18,-0.12,0.08,1.45,-120,7904,1149,14,-3,3,0,0,0,-1
3,40179,-0.14,-0.08,-0.69,-0.71,-3.04,-0.08,1.48,-503,5471,-1095,11,4,7,0,0,0,-1
4,40263,0.77,0.62,0.15,0.03,0.14,-0.19,1.31,-1728,6754,-1011,2,-9,1,0,0,0,-1
5,40338,-0.39,-0.80,0.28,0.36,-0.29,-0.36,0.97,-5789,-4713,-775,91,-3,2,0,0,0,-1
0,40433,0.02,-0.03,-0.68,-0.73,3.06,0.08,1.47,133,4815,-577,10,0,-2,0,0,0,-1
1,40805,0.63,0.73,-0.20,-0.15,-0.12,0.04,1.41,221,8173,-637,1,-1,-2,0,0,0,-1
2,40841,0.71,0.67,0.12,0.18,-0.11,0.07,1.47,-78,8226,969,1,-1,0,0,0,0,-1
3,40898,-0.11,-0.08,-0.75,-0.65,-3.11,-0.07,1.42,-552,5875,-947,6,4,1,0,0,0,-1
4,40983,0.73,0.66,0.13,-0.01,0.20,-0.21,1.34,-1960,7018,-356,2,-6,0,0,0,0,-1
5,41057,0.47,-0.75,0.44,0.16,-0.96,-0.71,-0.60,-5701,-4458,-777,91,-3,-1,0,0,0,5
0,41133,0.01,-0.04,-0.75,-0.66,3.07,0.06,1.43,231,4824,-749,8,-5,-1,0,0,0,5
1,41523,0.63,0.73,-0.21,-0.15,-0.12,0.03,1.41,204,8159,-661,1,-2,0,0,0,0,5
2,41561,0.72,0.67,0.11,0.17,-0.10,0.07,1.46,276,8264,1155,1,-1,-1,0,0,0,5
3,41617,-0.10,-0.07,-0.78,-0.61,-3.14,-0.06,1.33,-602,5904,-1091,5,0,1,0,0,0,5
4,41703,0.72,0.69,0.10,-0.06,0.23,-0.24,1.33,-1816,7046,-308,1,-9,-1,0,0,0,5
5,41776,0.85,-0.18,0.46,-0.17,0.25,-0.80,-0.49,-5615,-4558,-714,91,-3,-1,0,0,0,5
0,41870,-0.01,-0.06,-0.79,-0.61,3.07,0.04,1.30,315,4811,-731,7,-4,-3,0,0,0,5
1,42242,0.63,0.73,-0.21,-0.16,-0.11,0.03,1.42,80,8065,-791,0,0,-1,0,0,0,5
2,42260,0.72,0.66,0.11,0.16,-0.09,0.06,1.46,67,8140,906,0,-2,0,0,0,0,5
3,42336,-0.08,-0.06,-0.80,-0.58,3.13,-0.06,1.26,-491,5797,-1141,5,5,-1,0,0,0,5
4,42423,0.70,0.70,0.07,-0.11,0.26,-0.26,1.31,-1900,7061,-315,0,-6,-2,0,0,0,5
5,42496,0.69,0.39,0.32,-0.53,1.32,-1.01,0.21,-5663,-4523,-478,91,-3,0,0,0,0,5
0,42569,-0.03,-0.07,-0.82,-0.57,3.07,0.02,1.21,231,4835,-685,9,-2,-1,0,0,0,5
1,42942,0.63,0.72,-0.22,-0.17,-0.12,0.03,1.42,292,8188,-705,2,-2,-1,0,0,0,5
2,42981,0.73,0.66,0.10,0.15,-0.09,0.05,1.46,4,8169,1115,1,-1,1,0,0,0,5
3,43035,-0.07,-0.06,-0.82,-0.57,3.13,-0.05,1.21,-388,5748,-1092,6,1,0,0,0,0,5
4,43123,0.69,0.71,0.04,-0.15,0.26,-0.27,1.30,-1793,6996,-494,-1,-5,-2,0,0,0,5
5,43194,0.12,0.71,-0.03,-0.70,1.37,-1.36,0.21,-5635,-4478,-709,91,-3,-1,0,0,0,5
0,43268,-0.05,-0.08,-0.84,-0.54,3.06,0.01,1.14,286,4888,-754,8,-2,-1,0,0,0,5
1,43660,0.63,0.72,-0.22,-0.18,-0.12,0.03,1.43,116,8061,-636,2,-2,2,0,0,0,5
2,43680,0.73,0.66,0.10,0.15,-0.09,0.05,1.45,150,8230,1114,-1,-2,3,0,0,0,5
3,43754,-0.06,-0.04,-0.83,-0.56,3.13,-0.05,1.19,-470,5835,-952,6,1,-1,0,0,0,5
4,43843,0.67,0.71,0.00,-0.19,0.27,-0.28,1.29,-1849,7053,-246,2,-7,-1,0,0,0,5
5,43914,-0.52,0.55,-0.43,-0.48,-1.41,-1.40,-0.17,-5815,-4533,-697,91,-4,0,0,0,0,5
0,44006,-0.06,-0.10,-0.85,-0.52,3.04,-0.01,1.09,239,4802,-766,8,-4,-1,0,0,0,5
1,44380,0.63,0.72,-0.23,-0.18,-0.12,0.02,1.43,147,8125,-643,2,-1,-1,0,0,0,5
2,44401,0.73,0.66,0.09,0.14,-0.09,0.05,1.45,61,8146,1123,0,-1,0,0,0,0,5
3,44473,-0.05,-0.03,-0.83,-0.55,3.14,-0.04,1.16,-337,5802,-1148,4,1,0,0,0,0,5
4,44563,0.66,0.72,-0.04,-0.23,0.27,-0.28,1.29,-1826,6984,-270,2,-5,-1,0,0,0,5
5,44632,-0.79,0.08,-0.60,0.02,-0.23,-1.27,-0.15,-5697,-4509,-735,91,-4,0,0,0,0,5
0,44725,-0.08,-0.11,-0.86,-0.50,3.02,-0.02,1.06,273,4852,-711,8,-3,-1,0,0,0,5
1,45099,0.63,0.72,-0.24,-0.19,-0.13,0.03,1.43,158,8079,-652,1,-2,1,0,0,0,5
2,45121,0.73,0.66,0.08,0.13,-0.09,0.05,1.45,203,8217,1143,-1,-1,0,0,0,0,-1
3,45192,-0.04,-0.02,-0.84,-0.55,-3.13,-0.04,1.16,-528,5816,-962,5,1,0,0,0,0,-1
4,45284,0.65,0.71,-0.07,-0.27,0.28,-0.29,1.28,-1831,7113,-251,-1,-6,-2,0,0,0,-1
5,45351,-0.59,-0.41,-0.45,0.53,1.53,-1.31,0.02,-5681,-4555,-413,91,-3,-1,0,0,0,-1
0,45444,-0.09,-0.13,-0.86,-0.49,3.00,-0.03,1.04,278,4737,-748,8,-3,-2,0,0,0,-1
1,45818,0.63,0.71,-0.24,-0.19,-0.13,0.04,1.44,142,7969,-606,-2,1,0,0,0,0,-1
2,45841,0.74,0.66,0.08,0.12,-0.08,0.05,1.43,-24,8022,1110,-3,1,1,0,0,0,-1
3,45911,-0.03,0.00,-0.84,-0.55,-3.11,-0.05,1.16,-613,5710,-987,3,4,-3,0,0,0,-1
4,46003,0.64,0.70,-0.10,-0.30,0.30,-0.30,1.27,-1891,6958,-86,-3,-6,-4,0,0,0,-1
5,46070,-0.04,-0.65,-0.03,0.75,2.56,-1.43,0.00,-5711,-4504,-90,91,-4,1,0,0,0,-1
0,46162,-0.10,-0.14,-0.85,-0.49,3.00,-0.04,1.05,179,4949,-357,10,-4,-1,0,0,0,-1
1,46537,0.63,0.70,-0.26,-0.19,-0.15,0.05,1.44,464,8181,-534,1,-2,0,0,0,0,-1
2,46560,0.75,0.65,0.07,0.12,-0.09,0.05,1.41,101,8207,1437,0,-1,0,0,0,0,-1
3,46629,-0.02,0.02,-0.83,-0.56,-3.09,-0.05,1.18,-552,5747,-779,5,2,-1,0,0,0,-1
4,46723,0.62,0.69,-0.14,-0.34,0.31,-0.30,1.27,-1884,6887,59,0,-8,-2,0,0,0,-1
5,46789,0.53,-0.49,0.42,0.55,-1.53,-1.40,-0.06,-5698,-4632,-363,91,-2,-1,0,0,0,-1
0,46881,-0.12,-0.16,-0.85,-0.49,2.98,-0.04,1.05,299,4866,-364,5,-5,-2,0,0,0,-1
1,47256,0.64,0.70,-0.26,-0.20,-0.15,0.06,1.44,272,7921,-466,0,0,-1,0,0,0,-1
2,47281,0.75,0.64,0.07,0.11,-0.09,0.05,1.40,38,7990,1257,-2,0,0,0,0,0,-1
3,47348,-0.01,0.04,-0.83,-0.56,-3.06,-0.07,1.18,-538,5601,-880,3,9,-8,0,0,0,-1
4,47443,0.61,0.68,-0.16,-0.38,0.35,-0.32,1.25,-1943,6975,-207,-8,1,-7,0,0,0,-1
5,47509,0.77,-0.05,0.64,0.01,-0.37,-1.38,-0.07,-5818,-4610,84,91,5,-3,0,0,0,-1
0,47599,-0.12,-0.14,-0.84,-0.51,3.03,-0.06,1.10,-66,4958,200,0,1,-7,0,0,0,-1
1,47975,0.74,0.62,-0.22,-0.15,-0.06,0.13,1.38,634,7783,1094,-41,29,13,0,0,0,-1
2,48001,0.82,0.54,0.17,0.11,0.01,-0.16,1.16,-1054,7322,2598,-40,34,-31,0,0,0,-1
3,48088,-0.00,0.31,-0.75,-0.58,-2.62,-0.37,1.06,-4371,5358,33,-13,52,-65,0,0,0,-1
4,48163,0.63,0.65,0.12,-0.42,0.83,-0.76,0.79,-5469,4680,166,-39,34,-51,0,0,0,-1
5,48247,0.37,0.39,0.58,-0.61,2.01,-1.13,-0.44,-11049,-7133,2631,91,30,-28,0,0,0,-1
0,48337,-0.10,0.25,-0.71,-0.64,-2.62,-0.49,1.06,-4995,2832,2457,-26,61,-46,0,0,0,-1
1,48713,0.95,0.18,0.26,0.07,-0.04,-0.49,0.39,-4085,2940,6930,-30,46,-5,0,0,0,-1
2,48741,0.74,0.01,0.67,0.09,-0.94,-1.39,0.15,-8752,1384,1561,-17,30,-18,0,0,0,-1
3,48826,-0.02,0.85,-0.42,-0.32,-1.03,-0.59,0.24,-9201,999,-5180,7,22,-22,0,0,0,-1
4,48904,0.42,0.53,0.69,-0.26,1.67,-1.02,0.08,-8701,-221,-4910,-13,20,-14,0,0,0,-1
5,48987,-0.39,0.65,0.09,-0.65,-1.21,-0.88,-0.68,-15361,-10128,-2318,91,18,-8,0,0,0,-1
0,49076,-0.13,0.71,-0.46,-0.51,-1.50,-1.01,0.29,-9659,-1094,-1867,2,14,-10,0,0,0,-1
1,49453,0.92,0.09,0.36,0.09,-0.13,-0.71,0.23,-5835,1704,6433,1,-3,2,0,0,0,-1
2,49480,0.68,-0.06,0.73,0.09,-1.94,-1.49,0.04,-8341,462,-727,-3,-2,2,0,0,0,6
3,49565,-0.12,0.87,-0.37,-0.30,-0.92,-0.66,0.02,-8677,31,-6304,5,3,-3,0,0,0,6
4,49643,0.38,0.49,0.73,-0.28,1.81,-0.98,-0.03,-7893,-690,-6047,-1,-6,-3,0,0,0,6
5,49726,-0.74,0.42,-0.40,-0.35,-1.08,-1.07,-0.36,-14996,-10321,-3787,91,-3,-2,0,0,0,6
0,49795,-0.27,0.72,-0.42,-0.48,-1.38,-1.18,0.02,-9086,-1410,-2632,7,-3,-1,0,0,0,6
1,50193,0.93,0.09,0.34,0.09,-0.13,-0.67,0.23,-5568,1737,6634,1,-5,0,0,0,0,6
2,50221,0.69,-0.05,0.72,0.09,-1.78,-1.51,0.05,-8338,412,-494,0,-2,0,0,0,0,6
3,50304,-0.18,0.84,-0.37,-0.34,-1.00,-0.80,-0.05,-8793,-26,-6266,5,2,-1,0,0,0,6
4,50383,0.39,0.47,0.73,-0.31,1.83,-1.04,-0.08,-7972,-814,-5837,0,-8,-1,0,0,0,6
5,50465,-0.77,0.01,-0.60,0.21,1.03,-1.18,-0.26,-15298,-10349,-3705,91,-4,1,0,0,0,6
0,50533,-0.37,0.68,-0.42,-0.47,-1.36,-1.27,-0.11,-9136,-1434,-2536,8,1,-1,0,0,0,6
1,50932,0.93,0.10,0.35,0.08,-0.11,-0.68,0.24,-5641,1730,6498,2,-1,-1,0,0,0,6
2,50962,0.69,-0.05,0.72,0.09,-1.85,-1.50,0.06,-8357,371,-667,1,-2,0,0,0,0,6
3,51043,-0.21,0.82,-0.40,-0.35,-1.07,-0.83,-0.08,-8733,-61,-6338,5,4,1,0,0,0,6
4,51124,0.39,0.47,0.73,-0.32,1.85,-1.04,-0.10,-7709,-770,-6044,1,-8,-2,0,0,0,6
5,51204,-0.40,-0.42,-0.46,0.67,1.92,-1.20,-0.30,-15044,-10371,-3939,91,-4,0,0,0,0,6
0,51272,-0.43,0.65,-0.44,-0.45,-1.35,-1.28,-0.17,-9020,-1458,-2678,8,-3,-2,0,0,0,6
1,51671,0.93,0.10,0.34,0.07,-0.09,-0.67,0.23,-5671,1676,6460,2,-3,-1,0,0,0,6
2,51701,0.69,-0.04,0.72,0.08,-1.83,-1.50,0.06,-8288,379,-592,0,-2,0,0,0,0,6
3,51781,-0.24,0.80,-0.43,-0.35,-1.13,-0.86,-0.09,-8516,-156,-6480,4,4,-1,0,0,0,6
4,51863,0.39,0.46,0.73,-0.33,1.86,-1.05,-0.11,-7772,-818,-6035,1,-7,-3,0,0,0,6
5,51944,0.18,-0.62,-0.06,0.77,-2.29,-1.17,-0.31,-15161,-10456,-3758,91,-4,0,0,0,0,6
0,52031,-0.48,0.61,-0.47,-0.42,-1.36,-1.29,-0.20,-9092,-1475,-2576,8,-4,-1,0,0,0,6
1,52410,0.93,0.10,0.34,0.06,-0.06,-0.67,0.23,-5736,1625,6530,1,-3,0,0,0,0,6
2,52442,0.69,-0.04,0.72,0.08,-1.81,-1.50,0.06,-8373,298,-585,1,-1,0,0,0,0,6
3,52520,-0.26,0.78,-0.46,-0.34,-1.19,-0.87,-0.10,-8682,-132,-6333,6,4,-1,0,0,0,6
4,52604,0.39,0.46,0.73,-0.33,1.86,-1.05,-0.12,-7777,-816,-6051,1,-9,-1,0,0,0,6
5,52682,0.65,-0.48,0.38,0.44,-1.24,-1.17,-0.31,-15074,-10448,-3839,91,-2,0,0,0,0,6
0,52749,-0.51,0.58,-0.50,-0.39,-1.37,-1.30,-0.21,-9168,-1518,-2653,8,-3,-2,0,0,0,6
1,53148,0.93,0.10,0.34,0.05,-0.04,-0.67,0.23,-5703,1619,6589,1,-3,-1,0,0,0,6
2,53181,0.69,-0.03,0.72,0.08,-1.82,-1.50,0.06,-8436,287,-521,0,-4,1,0,0,0,6
3,53259,-0.28,0.76,-0.49,-0.33,-1.25,-0.88,-0.10,-8717,-97,-6616,4,1,-1,0,0,0,6
4,53344,0.39,0.46,0.73,-0.33,1.86,-1.06,-0.13,-7787,-826,-6114,1,-6,-1,0,0,0,6
5,53422,0.78,-0.09,0.61,-0.13,0.36,-1.17,-0.30,-14942,-10508,-3819,91,-4,-1,0,0,0,6
0,53508,-0.54,0.54,-0.53,-0.36,-1.38,-1.30,-0.22,-9001,-1587,-2575,7,-2,-3,0,0,0,-1
1,53888,0.94,0.10,0.33,0.05,-0.02,-0.66,0.22,-5666,1539,6535,2,-3,0,0,0,0,-1
2,53921,0.70,-0.03,0.71,0.07,-1.77,-1.51,0.06,-8334,263,-502,0,-2,0,0,0,0,-1
3,53998,-0.30,0.74,-0.52,-0.32,-1.30,-0.89,-0.11,-8725,-181,-6381,6,0,0,0,0,0,-1
4,54064,0.39,0.45,0.73,-0.34,1.87,-1.06,-0.14,-7811,-907,-6097,0,-5,-1,0,0,0,-1
5,54161,0.48,0.35,0.51,-0.62,1.87,-1.18,-0.30,-15100,-10558,-3747,91,-2,0,0,0,0,-1
0,54226,-0.57,0.51,-0.56,-0.32,-1.40,-1.30,-0.22,-9113,-1604,-2629,8,-7,-1,0,0,0,-1
1,54626,0.94,0.11,0.33,0.04,-0.00,-0.65,0.23,-5606,1586,6583,1,-4,0,0,0,0,-1
2,54662,0.70,-0.02,0.71,0.06,-1.76,-1.51,0.06,-8388,216,-465,0,-2,1,0,0,0,-1
3,54737,-0.31,0.71,-0.55,-0.31,-1.36,-0.90,-0.11,-8718,-234,-6234,5,2,-1,0,0,0,-1
4,54804,0.39,0.45,0.73,-0.34,1.88,-1.06,-0.14,-7845,-937,-6128,1,-6,-3,0,0,0,-1
5,54899,-0.08,0.60,0.13,-0.79,3.01,-1.17,-0.31,-15139,-10572,-3741,91,-3,-2,0,0,0,-1
0,54984,-0.59,0.47,-0.59,-0.28,-1.41,-1.30,-0.23,-9163,-1677,-2528,8,-3,-2,0,0,0,-1
1,55366,0.94,0.10,0.33,0.03,0.02,-0.65,0.22,-5617,1544,6668,2,-2,1,0,0,0,-1
2,55402,0.70,-0.02,0.71,0.06,-1.76,-1.52,0.05,-8302,166,-331,1,-3,1,0,0,0,-1
3,55476,-0.33,0.69,-0.58,-0.29,-1.41,-0.90,-0.11,-8741,-277,-6407,5,0,0,0,0,0,-1
4,55544,0.39,0.45,0.73,-0.34,1.88,-1.07,-0.14,-7871,-982,-5843,2,-12,-2,0,0,0,-1
5,55639,-0.61,0.51,-0.29,-0.53,-1.30,-1.12,-0.31,-15322,-10494,-3181,91,-44,-13,0,0,0,-1
0,55724,-0.65,0.41,-0.57,-0.29,-1.35,-1.36,-0.21,-9484,-1410,-1287,2,-59,1,0,0,0,-1
1,56105,0.99,0.14,0.02,0.03,-0.05,-0.03,0.28,-1257,1994,8381,5,-50,6,0,0,0,-1
2,56141,0.89,0.01,0.45,0.03,-0.08,-0.93,0.06,-7198,260,3987,0,-46,-1,0,0,0,-1
3,56215,-0.48,0.56,-0.44,-0.52,-1.49,-1.49,-0.08,-10121,-257,-838,-1,-28,-4,0,0,0,-1
4,56304,0.57,0.28,0.55,-0.54,1.78,-1.20,-0.28,-8917,-2197,-900,4,-18,-4,0,0,0,-1
5,56378,-0.90,0.11,-0.39,-0.15,-0.51,-0.84,-0.08,-13733,-12224,1945,91,5,1,0,0,0,-1
0,56462,-0.78,0.30,-0.40,-0.37,-1.11,-1.02,-0.18,-8038,-1681,3142,6,1,-2,0,0,0,-1
1,56844,0.99,0.14,-0.02,0.04,-0.09,0.06,0.27,74,2055,8594,1,1,-1,0,0,0,-1
2,56861,0.90,0.00,0.43,0.04,-0.10,-0.88,0.04,-7006,61,5354,1,-2,0,0,0,0,-1
3,56953,-0.48,0.55,-0.49,-0.48,-1.50,-1.47,-0.06,-10436,-359,-897,7,-1,-2,0,0,0,-1
4,57024,0.55,0.29,0.58,-0.52,1.80,-1.24,-0.28,-8789,-2255,-532,1,-6,0,0,0,0,-1
5,57097,-0.73,-0.24,-0.50,0.41,1.37,-1.16,-0.06,-14006,-12127,1743,91,-2,1,0,0,0,-1
0,57180,-0.79,0.27,-0.44,-0.33,-1.09,-1.07,-0.14,-8188,-1717,2919,8,-5,-1,0,0,0,-1
1,57563,0.99,0.14,-0.01,0.04,-0.09,0.04,0.27,-90,1958,8677,1,-2,0,0,0,0,-1
2,57582,0.90,0.00,0.43,0.03,-0.09,-0.90,0.04,-7070,11,5105,0,-2,0,0,0,0,-1
3,57672,-0.50,0.53,-0.53,-0.45,-1.52,-1.44,-0.06,-10583,-353,-914,7,3,-1,0,0,0,-1
4,57744,0.55,0.30,0.59,-0.52,1.81,-1.26,-0.28,-8683,-2260,-636,1,-8,-1,0,0,0,-1
5,57816,-0.23,-0.50,-0.25,0.79,2.14,-1.15,-0.17,-14262,-12124,1582,91,-4,0,0,0,0,-1
0,57899,-0.80,0.24,-0.47,-0.28,-1.03,-1.09,-0.13,-8258,-1722,2884,9,-1,0,0,0,0,-1
1,58283,0.99,0.14,-0.01,0.04,-0.09,0.03,0.28,-199,2031,8536,2,-5,0,0,0,0,7
2,58301,0.90,0.01,0.43,0.04,-0.09,-0.90,0.05,-7113,97,5040,-1,-3,2,0,0,0,7
3,58391,-0.51,0.50,-0.56,-0.42,-1.54,-1.44,-0.04,-10487,-320,-936,5,2,0,0,0,0,7
4,58464,0.55,0.30,0.59,-0.51,1.80,-1.26,-0.27,-8636,-2208,-539,1,-7,-1,0,0,0,7
5,58535,0.35,-0.53,0.13,0.76,-1.85,-1.11,-0.18,-14019,-12179,1845,91,-4,-1,0,0,0,7
0,58638,-0.82,0.20,-0.48,-0.23,-0.93,-1.09,-0.11,-8316,-1673,2941,7,-6,-1,0,0,0,7
1,59000,0.99,0.14,-0.01,0.04,-0.09,0.04,0.29,-64,2060,8525,1,-1,0,0,0,0,7
2,59022,0.90,0.01,0.43,0.04,-0.09,-0.89,0.05,-7041,128,5231,0,-3,1,0,0,0,7
3,59110,-0.53,0.47,-0.58,-0.40,-1.56,-1.45,-0.04,-10500,-305,-854,5,0,0,0,0,0,7
4,59185,0.56,0.30,0.58,-0.51,1.79,-1.26,-0.27,-8622,-2150,-524,0,-6,-1,0,0,0,7
5,59254,0.76,-0.31,0.44,0.35,-1.15,-1.11,-0.16,-13917,-12140,1924,91,-3,0,0,0,0,7
0,59336,-0.83,0.17,-0.50,-0.18,-0.81,-1.09,-0.10,-8136,-1660,2910,8,-5,-3,0,0,0,7
1,59720,0.99,0.15,-0.01,0.04,-0.09,0.04,0.29,-15,2103,8570,1,-2,-1,0,0,0,7
2,59742,0.90,0.01,0.43,0.04,-0.09,-0.89,0.05,-7060,136,5227,0,-3,1,0,0,0,7
3,59829,-0.55,0.44,-0.61,-0.36,-1.57,-1.44,-0.04,-10468,-295,-858,7,1,-1,0,0,0,7
4,59905,0.55,0.30,0.58,-0.51,1.79,-1.26,-0.27,-8697,-2212,-419,1,-6,-1,0,0,0,7
5,59974,0.80,0.06,0.54,-0.24,0.98,-1.12,-0.16,-14025,-12081,1852,91,-4,0,0,0,0,7
0,60075,-0.84,0.13,-0.51,-0.12,-0.65,-1.10,-0.10,-8218,-1660,2942,8,-4,0,0,0,0,7
1,60439,0.99,0.15,-0.01,0.04,-0.09,0.04,0.29,-12,2136,8620,1,-1,0,0,0,0,7
2,60462,0.90,0.01,0.43,0.04,-0.08,-0.89,0.05,-7054,187,5263,-1,0,1,0,0,0,7
3,60548,-0.57,0.40,-0.63,-0.33,-1.59,-1.44,-0.04,-10497,-284,-820,5,2,0,0,0,0,7
4,60624,0.55,0.30,0.58,-0.51,1.79,-1.26,-0.27,-8577,-2187,-418,2,-8,-2,0,0,0,7
5,60692,0.45,0.40,0.37,-0.71,1.86,-1.11,-0.16,-14121,-12117,1835,91,-3,0,0,0,0,7
0,60773,-0.85,0.10,-0.52,-0.07,-0.45,-1.10,-0.10,-8157,-1699,2979,8,-3,-2,0,0,0,7
1,61159,0.99,0.15,-0.01,0.04,-0.09,0.04,0.29,14,2145,8514,1,-2,-1,0,0,0,7
2,61182,0.90,0.02,0.43,0.03,-0.08,-0.88,0.06,-6963,189,5272,1,-2,0,0,0,0,7
3,61266,-0.59,0.37,-0.65,-0.30,-1.60,-1.45,-0.04,-10401,-297,-806,6,-2,-1,0,0,0,7
4,61344,0.55,0.30,0.58,-0.51,1.79,-1.26,-0.27,-8744,-2155,-460,1,-8,-2,0,0,0,7
5,61432,-0.14,0.54,0.01,-0.83,-2.60,-1.11,-0.16,-13927,-12150,1980,91,-3,-1,0,0,0,7
0,61511,-0.85,0.07,-0.52,-0.01,-0.19,-1.09,-0.10,-8132,-1682,2988,7,-4,-1,0,0,0,7
1,61897,0.99,0.14,-0.02,0.04,-0.09,0.05,0.29,27,2032,8602,2,-1,0,0,0,0,7
2,61922,0.90,0.01,0.43,0.03,-0.08,-0.88,0.05,-6923,111,5238,0,-1,1,0,0,0,7
3,62005,-0.61,0.34,-0.67,-0.27,-1.62,-1.45,-0.05,-10374,-404,-697,6,2,-1,0,0,0,7
4,62085,0.56,0.29,0.58,-0.52,1.80,-1.25,-0.28,-8616,-2208,-413,0,-7,-2,0,0,0,7
5,62151,-0.65,0.41,-0.35,-0.53,-1.39,-1.11,-0.16,-13996,-12134,1919,91,-2,-1,0,0,0,7
0,62249,-0.85,0.03,-0.52,0.05,0.11,-1.09,-0.11,-8166,-1698,3049,8,-4,-2,0,0,0,7
1,62616,0.99,0.14,-0.02,0.04,-0.09,0.05,0.28,97,2100,8771,1,-2,0,0,0,0,-1
2,62642,0.91,0.01,0.42,0.03,-0.07,-0.87,0.05,-7052,114,5501,0,-1,1,0,0,0,-1
3,62725,-0.62,0.30,-0.68,-0.24,-1.63,-1.45,-0.05,-10471,-413,-878,5,0,1,0,0,0,-1
4,62804,0.56,0.29,0.58,-0.52,1.80,-1.25,-0.28,-8652,-2277,-317,2,-10,-1,0,0,0,-1
5,62871,-0.84,0.08,-0.53,0.02,-0.13,-1.11,-0.16,-13799,-12209,1953,91,-3,-1,0,0,0,-1
0,62968,-0.85,-0.00,-0.52,0.10,0.39,-1.08,-0.10,-8047,-1694,3040,8,-6,-2,0,0,0,-1
1,63336,0.99,0.15,-0.06,0.04,-0.10,0.13,0.29,521,2056,8614,5,-19,1,0,0,0,-1
2,63363,0.92,0.02,0.38,0.03,-0.05,-0.78,0.06,-6522,207,5818,3,-18,1,0,0,0,-1
3,63442,-0.67,0.25,-0.66,-0.22,-1.52,-1.53,-0.04,-10456,-337,98,3,-16,3,0,0,0,-1
4,63524,0.58,0.26,0.53,-0.55,1.76,-1.15,-0.28,-8192,-2212,518,3,-15,-4,0,0,0,-1
5,63589,-0.66,-0.26,-0.41,0.57,1.56,-1.00,-0.13,-13336,-12414,2706,91,-13,-3,0,0,0,-1
0,63687,-0.88,-0.02,-0.44,0.15,0.48,-0.91,-0.09,-7201,-1679,4228,7,-7,-2,0,0,0,-1
1,64074,0.96,0.15,-0.21,0.05,-0.17,0.43,0.28,2738,2050,7587,0,-58,14,0,0,0,-1
2,64102,0.97,0.03,0.23,0.02,-0.02,-0.46,0.07,-4980,374,7393,-1,-67,0,0,0,0,-1
3,64182,-0.80,0.20,-0.51,-0.25,-1.03,-1.15,-0.07,-9724,-552,3354,-16,-84,-7,0,0,0,-1
4,64265,0.67,0.08,0.34,-0.66,1.66,-0.59,-0.34,-6211,-2918,4687,4,-110,-24,0,0,0,-1
5,64349,-0.19,-0.20,-0.05,0.96,2.71,-0.41,-0.03,-7549,-14643,6306,91,-95,-29,0,0,0,-1
0,64427,-0.98,0.10,0.01,0.14,0.29,0.04,-0.20,-679,-2782,6891,-2,-124,-5,0,0,0,-1
1,64814,0.42,0.12,-0.90,0.07,-2.72,0.89,-0.02,6723,-190,-4526,8,-67,15,0,0,0,-1
2,64842,0.80,0.06,-0.59,0.02,-0.33,1.27,0.07,7680,593,3597,7,-72,11,0,0,0,-1
3,64921,-0.88,0.04,0.29,-0.38,-0.88,0.51,-0.29,3371,-2901,4015,-6,-76,6,0,0,0,-1
4,65004,0.59,-0.40,-0.41,-0.57,1.55,1.23,-0.01,6905,-364,2007,1,-70,-5,0,0,0,-1
5,65088,-0.21,0.49,0.37,0.76,2.12,1.13,0.37,792,-13252,-3514,91,-47,-6,0,0,0,-1
0,65164,-0.72,0.27,0.64,-0.01,1.09,1.16,-0.41,6699,-4476,-648,-7,-20,6,0,0,0,-1
1,65533,0.17,0.03,-0.98,0.09,-3.06,0.34,-0.18,2443,-1307,-6802,2,-5,1,0,0,0,-1
2,65563,0.65,0.02,-0.76,0.03,-2.76,1.42,-0.02,7591,-228,-640,1,-4,2,0,0,0,-1
3,65640,-0.77,0.03,0.49,-0.40,-1.25,0.84,-0.45,4905,-3905,1375,5,2,0,0,0,0,-1
4,65725,0.50,-0.50,-0.53,-0.48,1.58,1.52,0.01,7414,134,-704,1,-6,-2,0,0,0,-1
5,65786,-0.70,0.43,0.57,0.04,0.99,0.98,-0.59,956,-13632,-3823,91,1,-1,0,0,0,-1
0,65863,-0.69,0.27,0.67,-0.09,1.23,1.07,-0.50,6997,-4778,-874,7,1,-1,0,0,0,-1
1,66251,0.18,0.04,-0.98,0.10,-3.02,0.36,-0.18,3018,-1128,-6954,1,0,-2,0,0,0,-1
2,66282,0.67,0.02,-0.74,0.04,-2.40,1.48,-0.02,7860,-4,-273,2,1,-1,0,0,0,-1
3,66359,-0.76,0.01,0.49,-0.42,-1.31,0.82,-0.45,4837,-3672,1916,7,2,-1,0,0,0,-1
4,66424,0.49,-0.49,-0.55,-0.47,1.61,1.49,0.03,7167,95,112,0,-6,-3,0,0,0,-1
5,66506,-0.75,0.12,0.43,-0.49,-1.33,0.56,-0.64,760,-13418,-3782,91,-2,0,0,0,0,-1
0,66582,-0.69,0.22,0.68,-0.15,1.19,1.05,-0.52,6876,-4555,-634,9,-3,-3,0,0,0,-1
1,66971,0.18,0.05,-0.98,0.10,-3.00,0.37,-0.17,2844,-959,-6820,1,1,0,0,0,0,-1
2,67002,0.68,0.03,-0.73,0.04,-2.15,1.51,-0.01,7919,123,-22,1,1,1,0,0,0,-1
3,67077,-0.75,-0.00,0.49,-0.45,-1.39,0.82,-0.45,4834,-3561,1864,6,6,0,0,0,0,-1
4,67145,0.49,-0.48,-0.57,-0.45,1.62,1.46,0.04,7192,161,367,2,-6,-1,0,0,0,-1
5,67225,-0.57,-0.15,0.24,-0.77,-1.87,0.52,-0.20,844,-13404,-3380,91,-2,-2,0,0,0,-1
0,67301,-0.68,0.17,0.69,-0.20,-2.04,1.04,-0.53,6830,-4517,-441,7,-4,-1,0,0,0,-1
1,67690,0.19,0.05,-0.98,0.10,-2.99,0.38,-0.18,3143,-963,-6989,0,-2,-1,0,0,0,-1
2,67723,0.69,0.04,-0.72,0.04,-1.95,1.53,-0.01,8026,107,140,0,-1,-1,0,0,0,-1
3,67796,-0.73,-0.02,0.49,-0.47,-1.46,0.82,-0.45,4798,-3494,1900,5,2,-1,0,0,0,9
4,67865,0.49,-0.48,-0.58,-0.44,1.64,1.43,0.05,7030,144,367,2,-6,-2,0,0,0,9
5,67944,-0.21,-0.39,-0.01,-0.90,-2.59,0.77,0.19,893,-13430,-3384,91,-3,0,0,0,0,9
0,68038,-0.66,0.12,0.70,-0.26,-2.08,1.03,-0.54,6880,-4429,-396,7,-2,-2,0,0,0,9
1,68410,0.19,0.06,-0.98,0.10,-2.98,0.39,-0.17,3048,-913,-6851,2,-2,0,0,0,0,9
2,68443,0.69,0.04,-0.72,0.05,-1.82,1.54,-0.01,7954,222,77,1,-3,0,0,0,0,9
3,68515,-0.72,-0.03,0.49,-0.49,-1.52,0.83,-0.45,4754,-3464,2024,6,3,0,0,0,0,9
4,68585,0.49,-0.47,-0.59,-0.44,1.65,1.41,0.05,7017,223,357,0,-7,-2,0,0,0,9
5,68663,0.38,-0.52,-0.34,-0.69,1.77,1.32,0.07,933,-13326,-3375,91,-3,0,0,0,0,9
0,68737,-0.64,0.07,0.70,-0.31,-2.10,1.03,-0.54,6895,-4390,-354,8,-4,-1,0,0,0,9
1,69129,0.19,0.07,-0.98,0.10,-2.96,0.39,-0.18,3270,-917,-7014,0,-2,-2,0,0,0,9
2,69163,0.69,0.05,-0.72,0.05,-1.80,1.54,-0.01,7846,136,10,0,-2,0,0,0,0,9
3,69234,-0.70,-0.05,0.49,-0.52,-1.59,0.83,-0.46,4845,-3527,2120,6,0,-1,0,0,0,9
4,69306,0.49,-0.47,-0.60,-0.43,1.66,1.40,0.06,7034,339,279,0,-5,-1,0,0,0,9
5,69383,0.80,-0.33,-0.50,-0.05,0.71,0.99,-0.49,949,-13291,-3383,91,-2,-2,0,0,0,9
0,69476,-0.61,0.01,0.70,-0.36,-2.10,1.03,-0.54,6820,-4389,-393,8,-3,-1,0,0,0,9
1,69848,0.19,0.07,-0.97,0.10,-2.95,0.39,-0.17,3238,-914,-6847,2,-1,1,0,0,0,9
2,69883,0.70,0.05,-0.71,0.06,-1.72,1.55,-0.01,8132,217,161,0,-2,0,0,0,0,9
3,69952,-0.69,-0.06,0.49,-0.54,-1.63,0.82,-0.45,4791,-3449,2188,6,2,0,0,0,0,9
4,70025,0.49,-0.46,-0.61,-0.42,1.67,1.40,0.06,7132,277,475,2,-8,-3,0,0,0,9
5,70102,0.77,-0.02,-0.42,0.47,-1.31,0.69,-0.45,843,-13244,-3291,91,-4,0,0,0,0,9
0,70194,-0.59,-0.05,0.70,-0.40,-2.09,1.03,-0.54,6802,-4335,-330,8,-4,-2,0,0,0,9
1,70566,0.19,0.08,-0.97,0.10,-2.94,0.39,-0.17,3124,-889,-6821,1,-3,-1,0,0,0,9
2,70602,0.70,0.06,-0.71,0.06,-1.71,1.55,-0.00,7952,205,79,0,-1,2,0,0,0,9
3,70672,-0.67,-0.08,0.48,-0.56,-1.68,0.82,-0.45,4837,-3470,2133,6,1,0,0,0,0,9
4,70746,0.50,-0.45,-0.61,-0.42,1.67,1.40,0.06,7029,204,517,2,-7,-1,0,0,0,9
5,70820,0.50,0.25,-0.25,0.79,-1.96,0.69,-0.15,795,-13278,-3298,91,-2,0,0,0,0,9
0,70892,-0.55,-0.10,0.70,-0.45,-2.10,1.03,-0.54,6873,-4336,-328,8,-4,-2,0,0,0,9
1,71286,0.19,0.08,-0.97,0.10,-2.93,0.40,-0.17,3168,-844,-6816,1,-2,0,0,0,0,9
2,71323,0.70,0.06,-0.71,0.06,-1.69,1.55,-0.00,7906,242,171,-1,-2,1,0,0,0,9
3,71391,-0.65,-0.09,0.48,-0.58,-1.73,0.82,-0.45,4784,-3391,1957,5,2,1,0,0,0,9
4,71465,0.50,-0.45,-0.62,-0.41,1.68,1.39,0.06,7002,230,488,1,-7,-1,0,0,0,9
5,71539,0.03,0.45,0.02,0.89,-3.09,0.93,0.05,1069,-13373,-3132,91,-2,0,0,0,0,9
0,71631,-0.52,-0.15,0.68,-0.49,-2.10,1.03,-0.54,6844,-4321,-272,10,-1,-2,0,0,0,-1
1,72005,0.20,0.09,-0.97,0.10,-2.91,0.41,-0.17,3339,-795,-6835,1,0,-2,0,0,0,-1
2,72043,0.70,0.07,-0.70,0.07,-1.57,1.57,-0.00,7933,257,363,0,2,1,0,0,0,-1
3,72110,-0.64,-0.10,0.47,-0.60,-1.76,0.81,-0.45,4829,-3447,2360,6,3,-1,0,0,0,-1
4,72185,0.51,-0.43,-0.61,-0.41,1.67,1.43,0.06,7129,242,791,0,-2,0,0,0,0,-1
5,72259,-0.55,0.45,0.32,0.62,1.55,1.17,-0.10,1003,-13350,-3093,91,-5,-2,0,0,0,-1
0,72349,-0.49,-0.20,0.67,-0.53,-2.09,1.04,-0.53,6782,-4288,-124,8,-4,-2,0,0,0,-1
1,72723,0.25,0.10,-0.96,0.10,-2.85,0.53,-0.15,4298,-612,-6169,4,39,-5,0,0,0,-1
2,72763,0.76,0.06,-0.65,0.07,-0.89,1.42,0.01,7907,441,1393,1,46,2,0,0,0,-1
3,72828,-0.67,-0.07,0.38,-0.63,-1.67,0.64,-0.40,3661,-2782,2976,13,42,-4,0,0,0,-1
4,72906,0.60,-0.39,-0.51,-0.48,1.55,1.39,0.03,5649,-134,2677,-19,46,8,0,0,0,-1
5,72977,-0.94,0.19,0.28,0.09,0.31,0.60,-0.32,322,-14041,73,91,61,25,0,0,0,-1
0,73068,-0.59,-0.09,0.49,-0.64,-1.90,0.76,-0.54,5468,-4402,3733,15,65,2,0,0,0,-1
1,73443,0.81,0.18,-0.53,0.16,-0.86,1.17,0.13,6760,1313,2235,-17,18,-41,0,0,0,-1
2,73483,0.99,0.05,-0.11,0.05,-0.12,0.23,0.08,1464,702,7678,0,18,-8,0,0,0,-1
3,73547,-0.80,0.16,-0.17,-0.55,-1.22,-0.46,-0.07,-4403,-776,6100,13,10,2,0,0,0,-1
4,73625,0.75,-0.13,-0.06,-0.65,1.41,0.25,-0.11,-2627,-1513,6024,-2,-13,1,0,0,0,-1
5,73717,-0.96,-0.13,-0.23,0.12,0.33,-0.49,0.20,-5415,-13808,5471,91,14,1,0,0,0,-1
0,73787,-0.74,0.10,0.15,-0.65,-1.44,0.08,-0.35,-611,-3649,7774,4,0,-2,0,0,0,-1
1,74163,0.86,0.17,-0.45,0.14,-0.63,0.98,0.16,6862,1538,4846,-2,12,-2,0,0,0,-1
2,74183,1.00,-0.00,-0.05,0.06,-0.12,0.10,-0.01,635,-128,8837,-9,12,-3,0,0,0,-1
3,74266,-0.79,0.23,-0.25,-0.50,-1.18,-0.68,-0.12,-5465,-1636,6268,-8,10,-5,0,0,0,-1
4,74346,0.75,-0.13,0.08,-0.64,1.41,0.05,-0.31,-2440,-2578,5488,-18,-2,1,0,0,0,-1
5,74436,-0.72,-0.40,-0.27,0.50,1.21,-0.91,0.31,-7018,-14805,5300,91,6,0,0,0,0,-1
0,74506,-0.75,0.11,0.09,-0.65,-1.42,-0.01,-0.29,-1248,-3672,7163,8,-7,-1,0,0,0,-1
1,74901,0.86,0.13,-0.47,0.12,-0.56,1.01,0.11,6828,957,4759,2,-4,-2,0,0,0,-1
2,74923,0.99,-0.07,-0.05,0.06,-0.11,0.08,-0.14,533,-1212,8748,2,-2,0,0,0,0,-1
3,75005,-0.80,0.29,-0.26,-0.45,-1.10,-0.76,-0.23,-5951,-2778,5877,13,1,3,0,0,0,-1
4,75085,0.75,-0.15,0.16,-0.63,1.39,-0.05,-0.43,-2698,-3481,5546,8,-6,1,0,0,0,-1
5,75175,-0.12,-0.49,-0.09,0.86,2.60,-1.04,-0.04,-6884,-15171,5063,91,-4,0,0,0,0,-1
0,75244,-0.75,0.09,0.07,-0.65,-1.43,-0.03,-0.23,-1181,-3440,7115,10,-4,-1,0,0,0,-1
1,75640,0.86,0.16,-0.47,0.12,-0.58,1.00,0.17,6811,1337,4593,3,-1,-2,0,0,0,-1
2,75664,1.00,-0.03,-0.04,0.08,-0.15,0.08,-0.07,482,-713,8843,3,0,1,0,0,0,-1
3,75744,-0.81,0.25,-0.30,-0.43,-1.09,-0.78,-0.14,-5986,-2151,6088,6,2,0,0,0,0,-1
4,75826,0.77,-0.11,0.16,-0.61,1.35,-0.10,-0.38,-2756,-2882,5754,1,-6,-1,0,0,0,-1
5,75915,0.46,-0.38,0.18,0.78,-1.89,-0.86,-0.07,-6755,-14724,5250,91,-3,0,0,0,0,-1
0,75982,-0.75,0.08,0.04,-0.65,-1.43,-0.03,-0.17,-1147,-3202,7125,9,-3,-1,0,0,0,-1
1,76359,0.86,0.17,-0.46,0.12,-0.60,1.00,0.19,6777,1464,4623,1,-2,-1,0,0,0,-1
2,76383,0.99,-0.02,-0.04,0.09,-0.17,0.08,-0.05,362,-608,8847,0,-1,1,0,0,0,-1
3,76463,-0.83,0.23,-0.32,-0.40,-1.04,-0.80,-0.12,-5983,-2027,6064,7,2,0,0,0,0,-1
4,76547,0.78,-0.11,0.17,-0.60,1.32,-0.13,-0.37,-2800,-2857,5847,0,-6,-2,0,0,0,-1
5,76633,0.82,-0.17,0.37,0.41,-1.10,-0.83,0.02,-6807,-14675,5259,91,-3,0,0,0,0,-1
0,76701,-0.76,0.07,0.03,-0.65,-1.42,-0.04,-0.15,-1210,-3131,7133,9,-4,-1,0,0,0,-1
1,77078,0.86,0.18,-0.46,0.13,-0.62,0.99,0.20,6771,1514,4629,1,-2,1,0,0,0,-1
2,77104,0.99,-0.02,-0.04,0.10,-0.20,0.08,-0.05,365,-580,8886,-1,-1,0,0,0,0,-1
3,77181,-0.84,0.21,-0.34,-0.37,-0.99,-0.81,-0.11,-6031,-1987,6075,7,1,1,0,0,0,-1
4,77265,0.78,-0.10,0.17,-0.59,1.30,-0.15,-0.37,-2809,-2804,5801,2,-7,-1,0,0,0,-1
5,77352,0.90,0.08,0.41,-0.12,0.43,-0.87,0.05,-6858,-14650,5260,91,-4,0,0,0,0,-1
0,77420,-0.76,0.07,0.03,-0.65,-1.41,-0.04,-0.14,-1191,-3083,7140,8,-4,-2,0,0,0,-1
1,77798,0.86,0.19,-0.46,0.14,-0.65,1.00,0.20,6877,1474,4585,2,-1,-1,0,0,0,-1
2,77824,0.99,-0.02,-0.04,0.11,-0.22,0.08,-0.04,569,-535,8775,-1,2,-1,0,0,0,-1
3,77901,-0.85,0.20,-0.35,-0.33,-0.93,-0.81,-0.10,-5997,-1910,6138,8,2,0,0,0,0,-1
4,77986,0.79,-0.10,0.18,-0.58,1.28,-0.17,-0.37,-2838,-2785,5825,-2,-7,-2,0,0,0,-1
5,78071,0.65,0.31,0.30,-0.62,1.52,-0.90,0.04,-6802,-14630,5289,91,-2,0,0,0,0,-1
0,78138,-0.76,0.07,0.03,-0.64,-1.40,-0.05,-0.13,-1143,-3079,7116,9,-2,-1,0,0,0,-1
1,78517,0.86,0.19,-0.46,0.15,-0.67,0.99,0.19,6807,1452,4629,1,-1,0,0,0,0,-1
2,78543,0.99,-0.02,-0.04,0.12,-0.23,0.08,-0.06,384,-677,8853,1,-1,1,0,0,0,-1
3,78619,-0.86,0.19,-0.36,-0.30,-0.86,-0.82,-0.11,-6026,-1974,6048,6,2,0,0,0,0,-1
4,78706,0.79,-0.10,0.18,-0.57,1.26,-0.17,-0.38,-2843,-2927,5847,1,-7,-2,0,0,0,-1
5,78791,0.16,0.43,0.07,-0.89,2.61,-0.90,0.01,-6843,-14720,5230,91,-2,0,0,0,0,-1
0,78858,-0.77,0.07,0.02,-0.64,-1.38,-0.05,-0.13,-1201,-3079,7129,8,-2,-1,0,0,0,-1
1,79236,0.86,0.20,-0.45,0.16,-0.69,0.99,0.20,6795,1494,4638,1,-2,-1,0,0,0,-1
2,79263,0.99,-0.02,-0.04,0.13,-0.26,0.07,-0.06,335,-668,8872,1,-2,1,0,0,0,-1
3,79339,-0.87,0.17,-0.37,-0.26,-0.79,-0.83,-0.11,-6079,-1985,6025,5,2,0,0,0,0,-1
4,79426,0.80,-0.10,0.19,-0.56,1.24,-0.18,-0.38,-2907,-2873,5795,0,-6,-1,0,0,0,-1
5,79510,-0.39,0.39,-0.19,-0.81,-2.04,-0.89,0.01,-6874,-14703,5176,91,-2,-1,0,0,0,-1
0,79576,-0.77,0.07,0.01,-0.63,-1.37,-0.07,-0.13,-1393,-3054,7119,8,-4,-1,0,0,0,-1
1,79954,0.85,0.20,-0.45,0.17,-0.71,0.99,0.20,6762,1506,4644,1,-2,0,0,0,0,-1
2,79984,0.99,-0.02,-0.04,0.14,-0.27,0.07,-0.06,295,-630,8822,0,-2,1,0,0,0,-1
3,80057,-0.88,0.16,-0.38,-0.23,-0.71,-0.83,-0.11,-6090,-1997,6019,6,1,0,0,0,0,-1
4,80147,0.80,-0.10,0.19,-0.55,1.22,-0.19,-0.38,-2956,-2892,5794,1,-7,-1,0,0,0,-1
5,80209,-0.78,0.21,-0.37,-0.45,-1.22,-0.88,0.01,-6937,-14650,5173,91,-3,-1,0,0,0,-1
