1,6139,0.96,-0.22,0.16,-0.00,-0.07,-0.31,-0.44,-2485,-3505,6993,8,-3,-1,0,0,0,-2
2,6177,1.00,0.04,-0.05,0.05,-0.10,0.10,0.08,559,485,8735,0,-2,0,0,0,0,-2
3,6254,0.94,0.03,0.31,-0.11,0.29,-0.64,-0.02,-4350,-1313,6684,5,2,0,0,0,0,-2
4,6322,0.98,-0.05,0.17,-0.01,0.01,-0.35,-0.11,-3473,-957,5859,1,-7,-2,0,0,0,-2
5,6403,0.60,0.38,0.20,-0.68,1.56,-0.86,0.19,-8802,-11908,5454,91,-3,0,0,0,0,-2
0,6486,0.97,-0.19,0.14,-0.01,-0.04,-0.28,-0.37,-2520,-3550,7069,8,-3,-1,0,0,0,-2
1,6847,0.99,0.01,-0.14,0.06,-0.13,0.29,0.00,2198,-338,8504,1,-2,0,0,0,0,-2
2,6878,1.00,0.04,-0.05,0.05,-0.11,0.10,0.08,566,493,8730,0,-2,0,0,0,0,-2
3,6953,0.94,0.04,0.31,-0.14,0.36,-0.64,-0.02,-4367,-1311,6689,5,2,0,0,0,0,-2
4,7021,0.98,-0.05,0.16,-0.02,0.02,-0.33,-0.11,-3462,-968,5874,1,-7,-1,0,0,0,-2
5,7102,0.04,0.52,-0.05,-0.85,3.08,-1.07,0.13,-8815,-11908,5439,91,-3,0,0,0,0,-2
0,7184,0.98,-0.15,0.13,-0.02,0.00,-0.25,-0.30,-2509,-3546,7058,8,-3,-1,0,0,0,-2
1,7567,0.99,0.01,-0.14,0.07,-0.15,0.29,0.00,2192,-337,8497,1,-2,0,0,0,0,-2
2,7598,1.00,0.04,-0.05,0.06,-0.13,0.10,0.08,567,492,8713,0,-2,0,0,0,0,-2
3,7671,0.93,0.05,0.31,-0.17,0.43,-0.64,-0.01,-4357,-1312,6698,5,2,0,0,0,0,-2
4,7742,0.99,-0.05,0.16,-0.03,0.04,-0.31,-0.10,-3477,-968,5869,1,-7,-1,0,0,0,-2
5,7820,-0.55,0.39,-0.33,-0.66,-1.67,-1.07,0.01,-8806,-11903,5463,91,-3,0,0,0,0,-2
0,7903,0.98,-0.13,0.12,-0.04,0.04,-0.24,-0.26,-2512,-3553,7060,8,-3,-1,0,0,0,-2
1,8286,0.99,0.01,-0.14,0.08,-0.16,0.29,0.00,2192,-339,8506,1,-2,0,0,0,0,-2
2,8318,1.00,0.04,-0.05,0.07,-0.15,0.10,0.08,575,498,8724,0,-2,0,0,0,0,-2
3,8390,0.93,0.06,0.31,-0.19,0.50,-0.64,-0.01,-4363,-1306,6690,5,2,0,0,0,0,-2
4,8462,0.99,-0.05,0.15,-0.03,0.05,-0.31,-0.10,-3472,-960,5881,1,-7,-2,0,0,0,-2
5,8539,-0.86,0.09,-0.48,-0.17,-0.64,-1.01,0.01,-8807,-11909,5458,91,-3,0,0,0,0,-2
0,8622,0.99,-0.11,0.12,-0.05,0.08,-0.23,-0.23,-2520,-3537,7046,8,-3,-1,0,0,0,-2
1,9005,0.99,0.01,-0.14,0.08,-0.18,0.29,0.00,2204,-338,8507,1,-2,0,0,0,0,-2
2,9038,0.99,0.04,-0.05,0.08,-0.16,0.10,0.08,571,498,8722,0,-2,0,0,0,0,-2
3,9109,0.92,0.07,0.31,-0.22,0.57,-0.64,-0.01,-4360,-1318,6692,5,2,0,0,0,0,-2
4,9182,0.99,-0.04,0.15,-0.04,0.07,-0.30,-0.10,-3462,-963,5860,1,-7,-1,0,0,0,-2
5,9259,-0.78,-0.24,-0.42,0.40,1.19,-1.00,0.04,-8807,-11905,5456,90,-3,0,0,0,0,-2
0,9339,0.99,-0.10,0.12,-0.07,0.11,-0.23,-0.22,-2516,-3547,7048,8,-3,-1,0,0,0,-2
1,9724,0.99,0.01,-0.14,0.09,-0.20,0.29,0.00,2203,-344,8502,1,-2,0,0,0,0,-2
2,9758,0.99,0.04,-0.05,0.09,-0.18,0.10,0.08,567,498,8720,0,-2,0,0,0,0,-2
3,9829,0.92,0.08,0.31,-0.25,0.63,-0.64,-0.01,-4353,-1320,6699,5,2,0,0,0,0,-2
4,9902,0.99,-0.04,0.15,-0.04,0.08,-0.30,-0.10,-3469,-969,5883,1,-7,-1,0,0,0,-2
5,9977,-0.36,-0.45,-0.18,0.80,2.00,-1.02,0.04,-8817,-11905,5444,91,-3,0,0,0,0,-2
0,10057,0.98,-0.10,0.12,-0.08,0.14,-0.22,-0.21,-2515,-3544,7038,8,-3,-1,0,0,0,-2
1,10443,0.98,0.02,-0.14,0.10,-0.21,0.29,0.00,2187,-335,8500,1,-2,0,0,0,0,-2
2,10478,0.99,0.04,-0.05,0.09,-0.19,0.10,0.08,571,497,8716,0,-2,0,0,0,0,-2
3,10548,0.91,0.09,0.30,-0.28,0.70,-0.64,-0.01,-4371,-1302,6696,5,2,0,0,0,0,-2
4,10622,0.99,-0.04,0.15,-0.05,0.09,-0.30,-0.10,-3469,-958,5873,1,-7,-2,0,0,0,-2
5,10697,0.23,-0.47,0.15,0.84,-2.30,-1.02,0.04,-8806,-11916,5450,90,-3,0,0,0,0,-2
0,10776,0.98,-0.09,0.12,-0.10,0.18,-0.22,-0.21,-2514,-3540,7049,8,-3,-1,0,0,0,1
1,11161,0.98,0.02,-0.14,0.11,-0.23,0.29,0.00,2197,-335,8508,1,-2,0,0,0,0,1
2,11198,0.99,0.04,-0.04,0.10,-0.21,0.10,0.08,574,504,8716,0,-2,0,0,0,0,1
3,11267,0.90,0.10,0.30,-0.30,0.76,-0.64,-0.01,-4351,-1316,6688,5,2,0,0,0,0,1
4,11342,0.99,-0.04,0.15,-0.06,0.11,-0.30,-0.10,-3469,-963,5874,1,-7,-1,0,0,0,1
5,11416,0.71,-0.27,0.41,0.51,-1.42,-1.02,0.03,-8814,-11902,5451,90,-3,0,0,0,0,1
0,11495,0.98,-0.09,0.12,-0.11,0.21,-0.22,-0.20,-2514,-3540,7053,8,-3,-1,0,0,0,1
1,11881,0.98,0.02,-0.14,0.12,-0.24,0.29,0.00,2193,-342,8504,1,-2,0,0,0,0,1
2,11918,0.99,0.04,-0.04,0.11,-0.22,0.10,0.08,578,492,8720,0,-2,0,0,0,0,1
3,11984,0.89,0.11,0.30,-0.33,0.83,-0.64,-0.01,-4355,-1315,6676,5,2,0,0,0,0,1
4,12061,0.99,-0.04,0.15,-0.06,0.12,-0.30,-0.10,-3468,-966,5869,1,-7,-2,0,0,0,1
5,12135,0.87,0.05,0.49,-0.05,0.23,-1.02,0.04,-8813,-11915,5463,90,-3,0,0,0,0,1
0,12214,0.98,-0.09,0.12,-0.13,0.25,-0.22,-0.20,-2523,-3545,7040,8,-3,-1,0,0,0,1
1,12600,0.98,0.02,-0.14,0.12,-0.26,0.29,0.00,2196,-341,8511,1,-2,0,0,0,0,1
2,12617,0.99,0.04,-0.04,0.12,-0.24,0.10,0.08,560,495,8723,0,-2,0,0,0,0,1
3,12703,0.88,0.11,0.30,-0.36,0.89,-0.64,-0.01,-4350,-1312,6678,5,2,0,0,0,0,1
4,12782,0.99,-0.04,0.15,-0.07,0.14,-0.29,-0.10,-3469,-966,5858,1,-7,-2,0,0,0,1
5,12854,0.65,0.34,0.35,-0.58,1.49,-1.02,0.04,-8804,-11901,5462,90,-3,0,0,0,0,1
0,12932,0.98,-0.08,0.12,-0.15,0.28,-0.22,-0.20,-2519,-3541,7057,8,-3,-1,0,0,0,1
1,13320,0.98,0.02,-0.14,0.13,-0.28,0.29,0.00,2195,-344,8498,1,-2,0,0,0,0,1
2,13338,0.99,0.04,-0.04,0.13,-0.26,0.10,0.08,569,487,8723,0,-2,0,0,0,0,1
3,13422,0.87,0.12,0.29,-0.38,0.94,-0.64,-0.01,-4366,-1312,6680,5,2,0,0,0,0,1
4,13502,0.98,-0.04,0.15,-0.08,0.15,-0.29,-0.10,-3472,-968,5884,1,-7,-1,0,0,0,1
5,13573,0.14,0.48,0.06,-0.86,2.61,-1.02,0.04,-8817,-11896,5453,91,-3,0,0,0,0,1
0,13650,0.97,-0.08,0.13,-0.16,0.32,-0.22,-0.20,-2511,-3549,7053,8,-3,-1,0,0,0,1
1,14039,0.98,0.02,-0.14,0.14,-0.29,0.29,0.00,2197,-329,8510,1,-2,0,0,0,0,1
2,14058,0.99,0.04,-0.04,0.13,-0.27,0.10,0.08,563,492,8734,0,-2,0,0,0,0,1
3,14142,0.86,0.13,0.29,-0.41,1.00,-0.64,-0.01,-4361,-1305,6696,5,2,0,0,0,0,1
4,14222,0.98,-0.04,0.15,-0.08,0.16,-0.29,-0.10,-3465,-955,5872,1,-7,-2,0,0,0,1
5,14292,-0.43,0.41,-0.26,-0.76,-1.88,-1.02,0.04,-8813,-11920,5461,91,-3,0,0,0,0,1
0,14369,0.97,-0.08,0.13,-0.18,0.35,-0.22,-0.20,-2516,-3537,7046,8,-3,-1,0,0,0,1
1,14757,0.98,0.02,-0.14,0.15,-0.31,0.29,0.00,2201,-331,8493,1,-2,0,0,0,0,1
2,14779,0.99,0.04,-0.04,0.14,-0.29,0.10,0.08,572,494,8724,0,-2,0,0,0,0,1
3,14860,0.84,0.14,0.28,-0.44,1.06,-0.64,-0.01,-4360,-1308,6679,5,2,0,0,0,0,1
4,14943,0.98,-0.04,0.15,-0.09,0.18,-0.29,-0.10,-3461,-962,5861,1,-7,-2,0,0,0,1
5,15011,-0.81,0.16,-0.46,-0.32,-1.05,-1.02,0.04,-8803,-11904,5443,91,-3,0,0,0,0,1
0,15087,0.97,-0.08,0.13,-0.20,0.39,-0.22,-0.20,-2526,-3534,7064,8,-3,-1,0,0,0,1
1,15476,0.98,0.01,-0.14,0.15,-0.31,0.27,-0.02,2192,-339,8495,-1,0,-1,0,0,0,1
2,15499,0.99,0.04,-0.04,0.15,-0.30,0.10,0.08,573,508,8723,0,-1,0,0,0,0,1
3,15579,0.83,0.15,0.28,-0.46,1.11,-0.64,-0.01,-4359,-1319,6696,5,2,0,0,0,0,1
4,15662,0.98,-0.03,0.15,-0.10,0.19,-0.29,-0.10,-3463,-958,5868,1,-7,-2,0,0,0,1
5,15730,-0.83,-0.17,-0.46,0.27,0.94,-1.02,0.04,-8822,-11909,5458,90,-3,0,0,0,0,1
0,15826,0.97,-0.07,0.13,-0.21,0.42,-0.22,-0.20,-2511,-3545,7040,8,-3,-1,0,0,0,1
1,16195,0.98,0.01,-0.13,0.15,-0.31,0.26,-0.03,2187,-331,8503,-1,0,-1,0,0,0,1
2,16218,0.99,0.04,-0.04,0.15,-0.31,0.09,0.07,575,499,8726,-1,-1,-1,0,0,0,1
3,16299,0.81,0.16,0.27,-0.49,1.17,-0.64,-0.01,-4354,-1313,6688,5,2,0,0,0,0,1
4,16382,0.98,-0.03,0.16,-0.10,0.21,-0.31,-0.10,-3463,-962,5877,1,-7,-1,0,0,0,1
5,16449,-0.48,-0.42,-0.25,0.73,1.78,-1.02,0.04,-8812,-11907,5461,90,-3,0,0,0,0,1
0,16544,0.96,-0.07,0.13,-0.23,0.46,-0.22,-0.20,-2511,-3551,7066,8,-3,-1,0,0,0,1
1,16914,0.98,0.00,-0.13,0.15,-0.30,0.26,-0.03,2189,-335,8501,-1,0,-1,0,0,0,1
2,16939,0.99,0.04,-0.03,0.15,-0.31,0.08,0.06,566,492,8726,-1,0,0,0,0,0,1
3,17016,0.81,0.14,0.28,-0.50,1.20,-0.63,-0.05,-4360,-1313,6686,-1,-1,0,0,0,0,1
4,17102,0.98,-0.03,0.15,-0.11,0.22,-0.30,-0.10,-3470,-967,5876,1,-7,-1,0,0,0,1
5,17168,0.09,-0.48,0.07,0.87,-2.74,-1.02,0.04,-8812,-11914,5456,90,-3,0,0,0,0,1
0,17262,0.96,-0.07,0.13,-0.25,0.49,-0.22,-0.20,-2505,-3554,7061,8,-3,-1,0,0,0,1
1,17634,0.98,0.00,-0.13,0.15,-0.30,0.26,-0.04,2197,-337,8496,-1,0,0,0,0,0,1
2,17658,0.99,0.03,-0.03,0.15,-0.31,0.07,0.06,572,493,8729,-1,-1,-1,0,0,0,1
3,17735,0.81,0.12,0.28,-0.51,1.22,-0.60,-0.10,-4359,-1316,6688,-1,-1,-1,0,0,0,1
4,17822,0.98,-0.03,0.15,-0.12,0.23,-0.30,-0.10,-3471,-968,5865,1,-7,-2,0,0,0,1
5,17888,0.61,-0.33,0.36,0.62,-1.60,-1.02,0.04,-8813,-11908,5462,91,-3,0,0,0,0,1
0,17982,0.95,-0.07,0.13,-0.26,0.53,-0.22,-0.20,-2524,-3543,7053,8,-3,-1,0,0,0,1
1,18353,0.98,0.00,-0.13,0.15,-0.30,0.25,-0.04,2196,-345,8513,-1,0,0,0,0,0,1
2,18378,0.99,0.03,-0.03,0.15,-0.31,0.07,0.06,568,496,8731,-1,-1,-1,0,0,0,1
3,18455,0.80,0.10,0.28,-0.51,1.23,-0.59,-0.13,-4369,-1312,6699,0,0,0,0,0,0,1
4,18542,0.97,-0.04,0.19,-0.12,0.23,-0.38,-0.11,-3471,-966,5849,-1,0,-1,0,0,0,1
5,18607,0.87,-0.03,0.49,0.10,-0.38,-1.02,0.04,-8817,-11908,5463,90,-3,0,0,0,0,1
0,18701,0.95,-0.07,0.13,-0.28,0.56,-0.22,-0.20,-2510,-3540,7053,8,-3,-1,0,0,0,1
1,19072,0.98,-0.00,-0.13,0.15,-0.30,0.25,-0.04,2201,-338,8506,0,0,-1,0,0,0,1
2,19098,0.99,0.03,-0.03,0.15,-0.31,0.07,0.06,563,491,8715,-1,-1,-1,0,0,0,1
3,19173,0.80,0.09,0.28,-0.52,1.24,-0.58,-0.14,-4352,-1310,6677,-1,0,0,0,0,0,1
4,19262,0.97,-0.04,0.22,-0.12,0.23,-0.44,-0.13,-3465,-962,5861,-1,0,-1,0,0,0,1
5,19325,0.74,0.28,0.40,-0.47,1.32,-1.02,0.04,-8812,-11912,5443,91,-3,0,0,0,0,1
0,19419,0.94,-0.06,0.14,-0.29,0.59,-0.22,-0.20,-2516,-3545,7055,8,-3,-1,0,0,0,1
1,19790,0.98,-0.00,-0.13,0.15,-0.30,0.25,-0.04,2186,-342,8503,0,-1,-1,0,0,0,1
2,19819,0.99,0.03,-0.03,0.15,-0.31,0.07,0.06,567,494,8721,-1,-1,-1,0,0,0,1
3,19892,0.80,0.09,0.28,-0.52,1.24,-0.58,-0.15,-4357,-1309,6688,-1,-1,0,0,0,0,1
4,19982,0.96,-0.04,0.24,-0.11,0.23,-0.47,-0.13,-3467,-961,5879,-1,0,-1,0,0,0,1
5,20044,0.28,0.47,0.13,-0.83,2.18,-1.02,0.04,-8807,-11903,5468,90,-3,0,0,0,0,1
0,20137,0.94,-0.10,0.16,-0.30,0.60,-0.25,-0.28,-2516,-3547,7055,-1,0,-1,0,0,0,1
1,20510,0.98,-0.00,-0.13,0.15,-0.30,0.25,-0.04,2196,-338,8510,-1,0,-1,0,0,0,1
2,20538,0.99,0.03,-0.03,0.15,-0.31,0.07,0.06,560,495,8723,-1,0,-1,0,0,0,1
3,20611,0.80,0.09,0.28,-0.52,1.24,-0.57,-0.16,-4357,-1310,6679,0,-1,0,0,0,0,1
4,20703,0.96,-0.04,0.25,-0.11,0.23,-0.49,-0.14,-3472,-965,5869,-1,-1,-1,0,0,0,1
5,20764,-0.31,0.45,-0.19,-0.82,-2.12,-1.02,0.04,-8814,-11905,5464,90,-3,0,0,0,0,1
0,20855,0.93,-0.13,0.19,-0.30,0.59,-0.28,-0.35,-2513,-3548,7058,-1,0,-1,0,0,0,1
1,21228,0.98,-0.00,-0.13,0.15,-0.30,0.25,-0.04,2200,-324,8507,-1,-1,0,0,0,0,1
2,21259,0.99,0.03,-0.03,0.15,-0.30,0.07,0.06,565,493,8718,-1,0,-1,0,0,0,1
3,21329,0.80,0.08,0.28,-0.52,1.24,-0.57,-0.16,-4365,-1313,6696,-1,-1,0,0,0,0,1
4,21402,0.96,-0.04,0.26,-0.11,0.23,-0.51,-0.14,-3463,-972,5865,-1,-1,-1,0,0,0,1
5,21483,-0.75,0.23,-0.43,-0.44,-1.30,-1.02,0.04,-8812,-11909,5442,91,-3,0,0,0,0,1
0,21574,0.92,-0.14,0.20,-0.30,0.59,-0.29,-0.39,-2509,-3548,7054,-1,-1,-1,0,0,0,1
1,21948,0.98,-0.00,-0.13,0.15,-0.30,0.25,-0.04,2202,-340,8484,0,0,0,0,0,0,1
2,21979,0.99,0.03,-0.03,0.15,-0.30,0.06,0.06,574,493,8733,0,-1,-1,0,0,0,1
3,22048,0.80,0.08,0.28,-0.52,1.24,-0.57,-0.16,-4358,-1304,6694,-1,0,0,0,0,0,1
4,22123,0.96,-0.04,0.26,-0.11,0.23,-0.51,-0.14,-3478,-957,5865,-1,0,-1,0,0,0,1
5,22202,-0.86,-0.09,-0.48,0.13,0.55,-1.02,0.04,-8812,-11918,5468,90,-3,0,0,0,0,1
0,22292,0.92,-0.15,0.21,-0.30,0.58,-0.30,-0.41,-2513,-3551,7074,-1,0,-1,0,0,0,1
1,22667,0.98,-0.00,-0.13,0.15,-0.30,0.25,-0.04,2201,-331,8511,0,-1,-1,0,0,0,1
2,22699,0.99,0.03,-0.03,0.15,-0.30,0.06,0.06,564,501,8721,-1,-1,-1,0,0,0,1
3,22767,0.80,0.08,0.28,-0.52,1.24,-0.57,-0.16,-4365,-1302,6667,-1,0,0,0,0,0,1
4,22842,0.96,-0.04,0.26,-0.11,0.23,-0.52,-0.14,-3473,-955,5868,-1,-1,-1,0,0,0,1
5,22941,-0.58,-0.38,-0.31,0.65,1.62,-1.02,0.04,-8817,-11913,5444,90,-3,0,0,0,0,-1
0,23011,0.92,-0.16,0.21,-0.30,0.58,-0.30,-0.43,-2514,-3548,7042,-1,-1,-1,0,0,0,-1
1,23386,0.98,-0.00,-0.13,0.15,-0.30,0.25,-0.04,2186,-338,8520,-1,-1,-1,0,0,0,-1
2,23418,0.99,0.03,-0.03,0.15,-0.30,0.06,0.06,560,506,8720,-1,0,-1,0,0,0,-1
3,23487,0.80,0.08,0.28,-0.52,1.24,-0.57,-0.16,-4367,-1306,6688,-1,0,0,0,0,0,-1
4,23563,0.96,-0.04,0.27,-0.11,0.23,-0.52,-0.14,-3470,-964,5873,-1,-1,-1,0,0,0,-1
5,23641,-0.05,-0.49,-0.01,0.87,2.94,-1.02,0.04,-8813,-11908,5465,91,-3,0,0,0,0,-1
0,23729,0.92,-0.16,0.22,-0.30,0.58,-0.31,-0.43,-2516,-3538,7060,-1,-1,0,0,0,0,-1
1,24104,0.98,-0.00,-0.13,0.15,-0.30,0.25,-0.04,2187,-335,8520,0,-1,0,0,0,0,-1
2,24138,0.99,0.03,-0.03,0.15,-0.30,0.06,0.06,433,468,8674,-1,-1,-2,0,0,0,-1
3,24205,0.80,0.08,0.28,-0.52,1.24,-0.57,-0.16,-4452,-1334,6654,-2,-5,4,0,0,0,-1
4,24283,0.96,-0.04,0.27,-0.11,0.22,-0.52,-0.14,-3426,-860,5985,1,-1,-1,0,0,0,-1
5,24359,0.50,-0.39,0.30,0.71,-1.77,-1.02,0.04,-9257,-11936,5373,90,-2,0,0,0,0,-1
0,24448,0.92,-0.16,0.22,-0.28,0.53,-0.32,-0.43,-2456,-4241,7130,-2,-1,3,0,0,0,-1
1,24824,0.98,0.01,-0.13,0.17,-0.35,0.25,-0.03,2205,-378,8761,4,0,-4,0,0,0,-1
2,24858,0.98,0.04,-0.02,0.17,-0.35,0.06,0.07,344,672,9241,7,0,1,0,0,0,-1
3,24924,0.82,0.10,0.27,-0.50,1.18,-0.58,-0.12,-4273,-1220,7451,18,-1,4,0,0,0,-1
4,25003,0.96,-0.00,0.28,-0.08,0.19,-0.56,-0.05,-3333,-518,6109,28,9,7,0,0,0,-1
5,25078,0.83,-0.10,0.48,0.26,-0.93,-1.03,0.08,-8500,-10392,4556,90,-8,5,0,0,0,-1
0,25166,0.93,-0.08,0.20,-0.28,0.58,-0.34,-0.27,-2612,-1902,6630,6,1,0,0,0,0,-1
1,25543,0.98,0.10,-0.13,0.15,-0.33,0.29,0.15,2385,1261,8168,-1,0,-1,0,0,0,-1
2,25579,0.98,0.13,-0.02,0.16,-0.33,0.07,0.25,711,2137,8213,-4,0,0,0,0,0,-1
3,25644,0.81,0.16,0.23,-0.51,1.18,-0.57,0.02,-4315,373,6436,-3,7,-5,0,0,0,-1
4,25722,0.95,0.05,0.29,-0.09,0.23,-0.59,0.05,-3969,380,5274,-5,-2,-1,0,0,0,-1
5,25797,0.79,0.24,0.46,-0.33,1.12,-1.09,0.08,-8030,-10815,4605,91,-3,-7,0,0,0,-1
0,25884,0.93,-0.09,0.21,-0.29,0.59,-0.34,-0.30,-2838,-2474,7092,0,-1,-3,0,0,0,-1
1,26262,0.98,0.07,-0.13,0.15,-0.32,0.28,0.11,2415,945,8390,-1,0,-1,0,0,0,-1
2,26299,0.98,0.11,-0.02,0.16,-0.32,0.07,0.21,603,1791,8522,0,0,0,0,0,0,-1
3,26361,0.81,0.15,0.24,-0.51,1.20,-0.58,-0.01,-4267,-30,6467,-1,-1,-1,0,0,0,-1
4,26443,0.95,0.04,0.29,-0.09,0.24,-0.59,0.02,-3786,277,5638,-1,0,-1,0,0,0,-1
5,26517,0.38,0.47,0.20,-0.77,1.90,-1.07,0.05,-8647,-10623,5314,91,-3,0,0,0,0,-1
0,26603,0.93,-0.09,0.21,-0.29,0.60,-0.34,-0.30,-2656,-2296,6977,-1,0,-1,0,0,0,-1
1,26981,0.98,0.07,-0.13,0.15,-0.32,0.28,0.11,2407,938,8386,0,-1,-1,0,0,0,-1
2,27019,0.98,0.11,-0.02,0.16,-0.32,0.07,0.21,607,1802,8542,-1,-1,0,0,0,0,-1
3,27080,0.81,0.15,0.24,-0.51,1.20,-0.58,-0.01,-4263,-26,6479,-1,0,-1,0,0,0,-1
4,27163,0.95,0.04,0.29,-0.09,0.24,-0.59,0.03,-3794,269,5638,-1,0,-1,0,0,0,-1
5,27236,-0.21,0.49,-0.16,-0.83,-2.30,-1.07,0.06,-8641,-10621,5305,90,-3,0,0,0,0,-1
0,27322,0.93,-0.09,0.21,-0.29,0.60,-0.34,-0.30,-2653,-2282,6987,-1,-1,-1,0,0,0,-1
1,27700,0.98,0.07,-0.13,0.15,-0.32,0.28,0.11,2409,932,8391,0,-1,-1,0,0,0,-1
2,27719,0.98,0.11,-0.02,0.16,-0.32,0.07,0.21,607,1795,8537,0,0,0,0,0,0,2
3,27799,0.81,0.15,0.24,-0.51,1.20,-0.58,-0.01,-4271,-14,6456,0,0,0,0,0,0,2
4,27882,0.95,0.04,0.29,-0.09,0.24,-0.59,0.03,-3787,267,5642,-1,0,-1,0,0,0,2
5,27955,-0.70,0.27,-0.43,-0.50,-1.45,-1.07,0.06,-8649,-10639,5314,91,-3,0,0,0,0,2
0,28041,0.93,-0.09,0.21,-0.29,0.60,-0.34,-0.30,-2660,-2289,6986,-1,-1,-1,0,0,0,2
1,28420,0.98,0.07,-0.13,0.15,-0.32,0.28,0.11,2398,932,8387,-1,0,0,0,0,0,2
2,28438,0.98,0.11,-0.02,0.16,-0.32,0.07,0.21,614,1798,8533,-1,-1,0,0,0,0,2
3,28518,0.81,0.15,0.24,-0.51,1.20,-0.58,-0.01,-4272,-27,6463,-1,-1,-1,0,0,0,2
4,28603,0.95,0.05,0.29,-0.09,0.24,-0.59,0.03,-3809,265,5667,-1,0,0,0,0,0,2
5,28674,-0.86,-0.07,-0.51,0.06,0.36,-1.07,0.06,-8647,-10615,5306,91,-3,0,0,0,0,2
0,28760,0.93,-0.09,0.21,-0.29,0.60,-0.35,-0.30,-2653,-2301,6978,-1,0,-1,0,0,0,2
1,29138,0.98,0.07,-0.13,0.15,-0.32,0.28,0.11,2404,931,8393,0,0,0,0,0,0,2
2,29159,0.98,0.11,-0.02,0.16,-0.32,0.07,0.21,615,1784,8530,-1,0,0,0,0,0,2
3,29238,0.81,0.15,0.24,-0.51,1.20,-0.58,-0.01,-4262,-22,6473,-1,0,-1,0,0,0,2
4,29323,0.95,0.05,0.29,-0.09,0.24,-0.59,0.04,-3803,275,5657,-1,0,-1,0,0,0,2
5,29392,-0.61,-0.38,-0.34,0.60,1.53,-1.07,0.06,-8645,-10619,5314,90,-3,0,0,0,0,2
0,29477,0.93,-0.09,0.21,-0.29,0.60,-0.35,-0.30,-2649,-2293,6989,0,0,-1,0,0,0,2
1,29857,0.98,0.07,-0.13,0.15,-0.32,0.28,0.11,2401,931,8398,0,0,0,0,0,0,2
2,29879,0.98,0.11,-0.02,0.16,-0.32,0.07,0.21,609,1804,8540,0,0,0,0,0,0,2
3,29957,0.81,0.15,0.24,-0.51,1.20,-0.58,-0.01,-4264,-31,6451,-1,0,-1,0,0,0,2
4,30022,0.95,0.05,0.29,-0.09,0.24,-0.59,0.04,-3798,262,5653,-1,0,0,0,0,0,2
5,30112,-0.08,-0.51,-0.01,0.86,2.83,-1.07,0.06,-8655,-10626,5312,91,-3,0,0,0,0,2
0,30195,0.93,-0.09,0.21,-0.29,0.60,-0.35,-0.30,-2656,-2296,6972,-1,0,-1,0,0,0,2
1,30576,0.98,0.07,-0.13,0.15,-0.32,0.28,0.11,2412,937,8392,-1,0,-1,0,0,0,2
2,30599,0.98,0.11,-0.02,0.16,-0.32,0.07,0.21,615,1801,8552,0,0,0,0,0,0,2
3,30674,0.81,0.15,0.24,-0.51,1.20,-0.58,-0.01,-4266,-35,6469,-1,0,0,0,0,0,2
4,30763,0.95,0.05,0.29,-0.09,0.24,-0.59,0.04,-3797,268,5637,-1,0,-1,0,0,0,2
5,30831,0.49,-0.40,0.32,0.71,-1.78,-1.07,0.06,-8646,-10624,5315,90,-3,0,0,0,0,2
0,30914,0.93,-0.09,0.21,-0.29,0.60,-0.35,-0.30,-2660,-2287,6985,-1,0,-1,0,0,0,2
1,31295,0.98,0.07,-0.13,0.15,-0.32,0.28,0.11,2403,932,8386,-1,-1,-1,0,0,0,2
2,31319,0.98,0.11,-0.02,0.16,-0.32,0.07,0.21,607,1796,8529,-1,-1,0,0,0,0,2
3,31393,0.81,0.15,0.24,-0.51,1.20,-0.58,-0.01,-4274,-22,6474,0,0,0,0,0,0,2
4,31483,0.95,0.05,0.29,-0.09,0.24,-0.59,0.04,-3787,276,5626,-1,0,-1,0,0,0,2
5,31551,0.83,-0.10,0.50,0.22,-0.87,-1.07,0.06,-8648,-10625,5294,91,-3,0,0,0,0,2
0,31633,0.93,-0.09,0.21,-0.29,0.60,-0.35,-0.30,-2652,-2289,6995,-1,0,0,0,0,0,2
1,32014,0.98,0.07,-0.13,0.15,-0.32,0.28,0.11,2404,930,8389,-1,0,0,0,0,0,2
2,32038,0.98,0.11,-0.02,0.16,-0.32,0.07,0.21,607,1802,8531,-1,-1,0,0,0,0,2
3,32112,0.81,0.15,0.24,-0.51,1.20,-0.58,-0.01,-4269,-27,6458,-1,0,-1,0,0,0,2
4,32203,0.95,0.05,0.29,-0.09,0.24,-0.59,0.04,-3796,275,5641,-1,0,-1,0,0,0,2
5,32270,0.78,0.25,0.45,-0.37,1.17,-1.07,0.06,-8647,-10619,5315,90,-3,0,0,0,0,2
0,32352,0.93,-0.09,0.21,-0.29,0.60,-0.35,-0.30,-2648,-2291,6988,-1,-1,-1,0,0,0,2
1,32734,0.98,0.07,-0.13,0.15,-0.32,0.28,0.11,2403,931,8379,0,-1,-1,0,0,0,2
2,32759,0.98,0.11,-0.02,0.16,-0.32,0.07,0.21,607,1794,8524,-1,-1,0,0,0,0,2
3,32831,0.81,0.15,0.24,-0.51,1.20,-0.58,-0.00,-4267,-24,6454,-1,0,0,0,0,0,2
4,32903,0.95,0.05,0.29,-0.09,0.24,-0.59,0.04,-3794,284,5637,-1,0,0,0,0,0,2
5,32988,0.36,0.48,0.18,-0.78,1.94,-1.07,0.06,-8641,-10620,5319,90,-3,0,0,0,0,2
0,33070,0.93,-0.09,0.21,-0.29,0.60,-0.35,-0.30,-2649,-2292,6990,-1,-1,-1,0,0,0,2
1,33453,0.98,0.07,-0.13,0.15,-0.32,0.28,0.11,2406,929,8386,0,-1,0,0,0,0,2
2,33479,0.98,0.11,-0.02,0.16,-0.32,0.07,0.21,610,1788,8543,-1,-1,0,0,0,0,2
3,33550,0.81,0.15,0.24,-0.51,1.20,-0.58,-0.01,-4266,-24,6455,-1,-1,0,0,0,0,2
4,33624,0.95,0.05,0.29,-0.09,0.24,-0.59,0.04,-3797,261,5640,-1,-1,-1,0,0,0,2
5,33708,-0.23,0.48,-0.17,-0.83,-2.24,-1.07,0.06,-8644,-10618,5311,91,-3,0,0,0,0,2
0,33787,0.93,-0.09,0.21,-0.29,0.60,-0.35,-0.30,-2642,-2294,6999,0,0,-1,0,0,0,2
1,34171,0.98,0.07,-0.13,0.15,-0.32,0.28,0.11,2406,937,8375,-1,0,-1,0,0,0,2
2,34199,0.98,0.11,-0.02,0.16,-0.32,0.07,0.21,612,1812,8538,-1,0,0,0,0,0,2
3,34270,0.81,0.15,0.24,-0.51,1.19,-0.58,-0.00,-4272,-17,6469,-1,-1,-1,0,0,0,2
4,34343,0.95,0.05,0.29,-0.09,0.24,-0.59,0.04,-3800,274,5654,-1,-1,-1,0,0,0,2
5,34426,-0.71,0.26,-0.44,-0.48,-1.42,-1.07,0.06,-8651,-10625,5302,91,-3,0,0,0,0,2
0,34506,0.93,-0.09,0.21,-0.29,0.60,-0.35,-0.30,-2645,-2281,6990,-1,0,-1,0,0,0,2
1,34890,0.98,0.07,-0.13,0.15,-0.32,0.28,0.11,2405,921,8392,-1,0,0,0,0,0,2
2,34919,0.98,0.11,-0.02,0.16,-0.32,0.07,0.21,609,1797,8529,-1,0,0,0,0,0,2
3,34988,0.81,0.15,0.24,-0.51,1.19,-0.58,-0.00,-4259,-30,6460,0,0,0,0,0,0,2
4,35062,0.95,0.05,0.29,-0.09,0.24,-0.59,0.04,-3794,267,5649,-1,0,0,0,0,0,2
5,35145,-0.86,-0.09,-0.50,0.09,0.46,-1.07,0.06,-8642,-10622,5316,90,-3,0,0,0,0,2
0,35225,0.93,-0.09,0.21,-0.29,0.60,-0.35,-0.30,-2650,-2294,6990,-1,-1,-1,0,0,0,2
1,35609,0.98,0.07,-0.13,0.15,-0.32,0.28,0.11,2397,935,8397,-1,0,0,0,0,0,2
2,35639,0.98,0.11,-0.02,0.16,-0.32,0.07,0.21,612,1798,8545,-1,0,0,0,0,0,2
3,35706,0.81,0.15,0.24,-0.51,1.19,-0.58,-0.00,-4268,-26,6468,-1,-1,0,0,0,0,2
4,35783,0.95,0.05,0.29,-0.09,0.24,-0.59,0.04,-3796,268,5647,-1,0,-1,0,0,0,2
5,35865,-0.60,-0.39,-0.33,0.62,1.55,-1.07,0.06,-8639,-10631,5308,91,-3,0,0,0,0,2
0,35944,0.93,-0.09,0.21,-0.29,0.60,-0.35,-0.30,-2644,-2297,6982,-1,0,0,0,0,0,2
1,36328,0.98,0.07,-0.13,0.15,-0.32,0.28,0.11,2413,932,8390,-1,-1,0,0,0,0,2
2,36359,0.98,0.11,-0.02,0.16,-0.32,0.07,0.21,606,1808,8523,0,-1,0,0,0,0,2
3,36425,0.81,0.15,0.24,-0.51,1.19,-0.58,-0.00,-4277,-34,6465,-1,-1,-1,0,0,0,2
4,36503,0.95,0.05,0.29,-0.09,0.24,-0.59,0.04,-3803,274,5642,0,0,-1,0,0,0,2
5,36584,-0.06,-0.51,0.00,0.86,2.94,-1.07,0.06,-8654,-10625,5317,90,-3,0,0,0,0,2
0,36663,0.93,-0.09,0.21,-0.29,0.60,-0.35,-0.30,-2657,-2298,6981,-1,0,-1,0,0,0,2
1,37048,0.98,0.07,-0.13,0.15,-0.32,0.28,0.11,2409,932,8393,-1,-1,0,0,0,0,2
2,37079,0.98,0.11,-0.02,0.16,-0.32,0.07,0.21,604,1800,8533,-1,0,-1,0,0,0,2
3,37144,0.81,0.15,0.24,-0.51,1.19,-0.58,-0.00,-4273,-30,6464,-1,-1,-1,0,0,0,2
4,37223,0.95,0.05,0.29,-0.09,0.24,-0.59,0.04,-3788,267,5646,-1,-1,-1,0,0,0,2
5,37303,0.51,-0.39,0.33,0.69,-1.75,-1.07,0.06,-8651,-10621,5314,90,-3,0,0,0,0,2
0,37381,0.93,-0.09,0.21,-0.29,0.59,-0.35,-0.30,-2646,-2286,6981,-1,0,-1,0,0,0,2
1,37767,0.98,0.07,-0.13,0.15,-0.32,0.28,0.11,2407,921,8396,-1,-1,0,0,0,0,2
2,37799,0.98,0.11,-0.02,0.16,-0.32,0.07,0.21,596,1796,8524,-1,-1,0,0,0,0,2
3,37863,0.81,0.15,0.24,-0.51,1.19,-0.58,-0.00,-4278,-25,6454,-1,-1,0,0,0,0,2
4,37944,0.95,0.05,0.29,-0.09,0.24,-0.59,0.04,-3808,269,5654,-1,0,-1,0,0,0,2
5,38022,0.84,-0.08,0.50,0.20,-0.79,-1.07,0.06,-8656,-10633,5317,91,-3,0,0,0,0,2
0,38099,0.93,-0.09,0.21,-0.29,0.59,-0.35,-0.30,-2647,-2285,6990,-1,-1,-1,0,0,0,2
1,38487,0.98,0.07,-0.13,0.15,-0.32,0.28,0.11,2409,929,8401,-1,0,0,0,0,0,2
2,38519,0.98,0.11,-0.02,0.16,-0.32,0.07,0.21,628,1790,8513,-1,-1,-1,0,0,0,2
3,38582,0.81,0.15,0.24,-0.51,1.19,-0.58,-0.00,-4279,-27,6465,-1,0,0,0,0,0,2
4,38664,0.95,0.05,0.29,-0.09,0.24,-0.59,0.04,-3803,269,5640,-1,-1,-1,0,0,0,2
5,38742,0.77,0.26,0.44,-0.39,1.21,-1.07,0.06,-8646,-10630,5292,91,-3,0,0,0,0,2
0,38817,0.93,-0.09,0.21,-0.29,0.59,-0.35,-0.30,-2653,-2286,6992,-1,0,0,0,0,0,2
1,39204,0.98,0.07,-0.13,0.15,-0.32,0.28,0.11,2399,949,8394,-1,-1,0,0,0,0,2
2,39239,0.98,0.11,-0.02,0.16,-0.32,0.07,0.21,603,1799,8537,-1,-1,0,0,0,0,2
3,39301,0.81,0.15,0.25,-0.51,1.20,-0.59,-0.00,-4353,3,6484,-1,-2,-1,0,0,0,2
4,39384,0.95,0.05,0.29,-0.09,0.24,-0.59,0.04,-3812,269,5640,0,-1,0,0,0,0,2
5,39460,0.34,0.48,0.17,-0.79,1.99,-1.07,0.06,-8639,-10623,5297,90,-3,0,0,0,0,2
0,39536,0.93,-0.09,0.21,-0.29,0.59,-0.35,-0.30,-2661,-2276,6979,-1,0,-1,0,0,0,2
1,39923,0.98,0.07,-0.13,0.15,-0.32,0.28,0.11,2392,933,8400,-1,0,-1,0,0,0,2
2,39959,0.98,0.11,-0.02,0.16,-0.32,0.07,0.21,611,1798,8532,0,-1,0,0,0,0,2
3,40019,0.81,0.15,0.25,-0.51,1.19,-0.59,-0.00,-4286,-18,6459,-1,0,0,0,0,0,2
4,40102,0.95,0.05,0.29,-0.09,0.24,-0.59,0.04,-3806,274,5655,-1,0,-1,0,0,0,2
5,40179,-0.25,0.48,-0.18,-0.82,-2.18,-1.07,0.06,-8645,-10607,5317,91,-3,0,0,0,0,2
0,40255,0.93,-0.09,0.21,-0.29,0.59,-0.35,-0.30,-2643,-2296,6999,-1,0,0,0,0,0,2
1,40643,0.98,0.07,-0.13,0.15,-0.32,0.28,0.11,2396,932,8388,-1,0,0,0,0,0,2
2,40679,0.98,0.11,-0.02,0.16,-0.32,0.07,0.21,611,1798,8546,0,-1,0,0,0,0,2
3,40738,0.81,0.15,0.25,-0.51,1.19,-0.59,-0.00,-4285,-23,6447,0,0,-1,0,0,0,2
4,40823,0.95,0.05,0.29,-0.09,0.24,-0.59,0.04,-3793,282,5657,-1,0,-1,0,0,0,2
5,40898,-0.72,0.25,-0.45,-0.46,-1.38,-1.07,0.06,-8632,-10621,5320,91,-3,0,0,0,0,2
0,40973,0.93,-0.09,0.21,-0.29,0.59,-0.35,-0.30,-2652,-2287,6991,-1,0,-1,0,0,0,2
1,41362,0.98,0.07,-0.14,0.12,-0.27,0.30,0.10,2486,1036,8388,-3,-6,1,0,0,0,2
2,41399,0.98,0.11,-0.02,0.16,-0.32,0.07,0.21,922,1796,8513,0,-1,-2,0,0,0,2
3,41457,0.81,0.15,0.24,-0.52,1.20,-0.58,-0.01,-4669,56,6928,6,2,-3,0,0,0,2
4,41543,0.95,0.07,0.29,-0.09,0.25,-0.60,0.07,-4033,456,5676,19,7,11,0,0,0,2
5,41617,-0.86,-0.11,-0.50,0.10,0.53,-1.06,0.08,-8130,-10051,4547,91,-3,0,0,0,0,2
0,41692,0.93,-0.05,0.20,-0.30,0.62,-0.35,-0.22,-2513,-1644,6606,0,-1,-2,0,0,0,2
1,42081,0.97,0.13,-0.14,0.12,-0.27,0.31,0.22,2709,1823,8110,6,0,-3,0,0,0,-1
2,42099,0.97,0.17,-0.02,0.15,-0.30,0.08,0.33,729,2687,8225,5,-2,-2,0,0,0,-1
3,42176,0.80,0.21,0.21,-0.52,1.18,-0.58,0.12,-4150,1054,5981,4,-1,0,0,0,0,-1
4,42263,0.94,0.12,0.30,-0.09,0.29,-0.63,0.18,-4116,1257,5510,6,1,2,0,0,0,-1
5,42337,-0.58,-0.42,-0.31,0.62,1.53,-1.09,0.11,-8410,-9417,5008,90,-3,2,0,0,0,-1
0,42411,0.94,-0.01,0.19,-0.30,0.63,-0.36,-0.13,-2700,-871,6673,6,0,2,0,0,0,-1
1,42800,0.97,0.17,-0.14,0.11,-0.27,0.31,0.31,2721,2538,7996,1,-1,-1,0,0,0,-1
2,42819,0.97,0.21,-0.01,0.15,-0.29,0.09,0.41,740,3374,8104,2,-1,0,0,0,0,-1
3,42895,0.80,0.24,0.18,-0.52,1.16,-0.57,0.20,-4066,1548,5976,2,0,-1,0,0,0,-1
4,42984,0.93,0.16,0.31,-0.08,0.31,-0.64,0.26,-3986,1904,5029,2,0,0,0,0,0,-1
5,43056,-0.03,-0.55,0.05,0.83,3.13,-1.15,0.11,-8300,-8897,4629,90,-4,1,0,0,0,-1
0,43129,0.94,0.02,0.19,-0.30,0.64,-0.37,-0.08,-2612,-469,6509,-3,-1,-1,0,0,0,-1
1,43518,0.97,0.18,-0.14,0.11,-0.27,0.31,0.32,2663,2682,7927,0,-1,-1,0,0,0,-1
2,43539,0.97,0.21,-0.01,0.15,-0.29,0.09,0.42,725,3519,8003,1,-1,-1,0,0,0,-1
3,43614,0.80,0.25,0.18,-0.51,1.15,-0.58,0.22,-3982,1687,5807,2,-1,-1,0,0,0,-1
4,43704,0.93,0.17,0.31,-0.08,0.31,-0.65,0.28,-4056,2053,4789,-1,-1,-2,0,0,0,-1
5,43776,0.54,-0.39,0.39,0.63,-1.68,-1.16,0.07,-8276,-8881,4714,91,-3,-1,0,0,0,-1
0,43867,0.94,0.02,0.19,-0.30,0.64,-0.37,-0.07,-2661,-506,6660,1,-1,0,0,0,0,-1
1,44238,0.97,0.18,-0.14,0.10,-0.25,0.31,0.33,2553,2784,7969,0,2,0,0,0,0,-1
2,44260,0.97,0.22,-0.02,0.14,-0.27,0.09,0.43,577,3592,8201,1,0,1,0,0,0,-1
3,44333,0.79,0.27,0.17,-0.52,1.15,-0.57,0.25,-4209,1890,6207,11,3,6,0,0,0,-1
4,44423,0.93,0.20,0.31,-0.08,0.34,-0.65,0.33,-3543,2550,4778,7,-4,-7,0,0,0,-1
5,44494,0.84,-0.03,0.54,0.11,-0.49,-1.13,0.07,-8450,-8450,4342,90,-4,-5,0,0,0,-1
0,44565,0.93,0.05,0.17,-0.32,0.69,-0.36,-0.02,-2652,45,6653,7,-5,-7,0,0,0,-1
1,44937,0.96,0.24,-0.15,0.06,-0.19,0.33,0.45,2674,3727,7179,5,-2,-2,0,0,0,-1
2,44959,0.95,0.28,-0.02,0.10,-0.20,0.10,0.56,729,4527,7114,4,-1,-1,0,0,0,-1
3,45032,0.77,0.31,0.12,-0.55,1.18,-0.55,0.36,-3945,2783,5211,1,1,4,0,0,0,-1
4,45124,0.91,0.27,0.31,-0.10,0.42,-0.66,0.43,-4089,3112,4349,1,3,4,0,0,0,-1
5,45194,0.71,0.36,0.42,-0.44,1.29,-1.14,0.14,-7811,-7787,4132,91,-4,1,0,0,0,-1
0,45263,0.93,0.11,0.16,-0.33,0.72,-0.37,0.10,-2573,745,6052,4,-1,-1,0,0,0,-1
1,45636,0.95,0.28,-0.15,0.05,-0.19,0.33,0.53,2765,4379,6954,6,-2,-3,0,0,0,-1
2,45660,0.94,0.32,-0.02,0.10,-0.20,0.10,0.64,1002,4699,6419,0,-4,2,0,0,0,-1
3,45751,0.76,0.36,0.08,-0.54,1.14,-0.53,0.47,-3758,3377,4701,5,9,-2,0,0,0,-1
4,45824,0.89,0.32,0.31,-0.10,0.45,-0.67,0.53,-4254,3770,3866,6,1,2,0,0,0,-1
5,45892,0.24,0.58,0.09,-0.78,2.01,-1.22,0.14,-7702,-6927,3602,91,-4,1,0,0,0,-1
0,45963,0.92,0.17,0.13,-0.34,0.73,-0.37,0.22,-2368,1517,5485,6,-3,-4,0,0,0,-1
1,46355,0.93,0.33,-0.16,0.04,-0.19,0.32,0.64,2580,5354,6113,3,1,1,0,0,0,-1
2,46380,0.92,0.37,-0.02,0.09,-0.19,0.11,0.75,1032,5957,6035,1,-2,-2,0,0,0,-1
3,46449,0.74,0.41,0.05,-0.53,1.09,-0.53,0.58,-3488,3890,4231,4,12,2,0,0,0,-1
4,46543,0.87,0.37,0.32,-0.08,0.45,-0.66,0.64,-3971,4407,3235,-1,0,3,0,0,0,-1
5,46612,-0.36,0.52,-0.34,-0.70,-1.80,-1.31,0.10,-7618,-6597,3077,91,-4,1,0,0,0,-1
0,46681,0.92,0.20,0.14,-0.32,0.70,-0.39,0.29,-2411,1869,5245,0,1,-1,0,0,0,-1
1,47074,0.93,0.33,-0.15,0.05,-0.20,0.32,0.64,2931,5162,6348,-1,1,0,0,0,0,-1
2,47099,0.92,0.37,-0.02,0.10,-0.20,0.11,0.75,1081,5844,6136,-2,2,-2,0,0,0,-1
3,47168,0.74,0.42,0.05,-0.52,1.06,-0.53,0.60,-3422,3905,4173,-1,1,-1,0,0,0,-1
4,47263,0.87,0.38,0.32,-0.08,0.45,-0.66,0.65,-4186,4261,3444,-1,-1,0,0,0,0,-1
5,47330,-0.77,0.15,-0.58,-0.23,-1.16,-1.28,0.03,-7735,-6613,3300,91,-3,0,0,0,0,-1
0,47420,0.91,0.21,0.14,-0.32,0.70,-0.40,0.30,-2467,1876,5235,0,-1,-1,0,0,0,-1
1,47794,0.93,0.32,-0.15,0.05,-0.20,0.32,0.63,2760,5073,6425,0,0,0,0,0,0,-1
2,47820,0.93,0.36,-0.02,0.10,-0.20,0.11,0.74,969,5761,6287,-1,0,-1,0,0,0,-1
3,47886,0.74,0.42,0.05,-0.52,1.07,-0.54,0.60,-3409,3793,4299,-1,-1,-1,0,0,0,-1
4,47964,0.87,0.38,0.32,-0.08,0.45,-0.66,0.65,-4195,4233,3442,-1,-1,-1,0,0,0,-1
5,48050,-0.73,-0.29,-0.50,0.36,1.30,-1.23,0.05,-7718,-6657,3293,91,-3,0,0,0,0,-1
0,48139,0.91,0.21,0.14,-0.32,0.70,-0.40,0.30,-2431,1893,5247,-1,0,0,0,0,0,-1
1,48513,0.93,0.32,-0.15,0.05,-0.20,0.32,0.63,2726,5051,6409,-1,-1,-1,0,0,0,-1
2,48539,0.93,0.36,-0.02,0.10,-0.20,0.11,0.73,809,5725,6285,-1,0,0,0,0,0,-1
3,48626,0.74,0.42,0.05,-0.52,1.06,-0.54,0.60,-3440,3843,4282,-1,1,-1,0,0,0,-1
4,48684,0.87,0.38,0.32,-0.08,0.45,-0.66,0.65,-4244,4183,3495,-1,0,0,0,0,0,-1
5,48769,-0.29,-0.56,-0.16,0.76,1.88,-1.24,0.08,-7798,-6666,3207,91,-3,0,0,0,0,-1
0,48857,0.91,0.21,0.14,-0.32,0.70,-0.41,0.30,-2451,1868,5288,-1,-1,0,0,0,0,-1
1,49231,0.93,0.33,-0.15,0.07,-0.24,0.33,0.64,2578,4777,6640,14,1,-1,0,0,0,-1
2,49259,0.92,0.38,-0.01,0.12,-0.23,0.11,0.76,503,5787,6379,12,1,5,0,0,0,-1
3,49345,0.74,0.44,0.05,-0.50,1.01,-0.53,0.66,-3885,3935,3945,-2,14,-6,0,0,0,-1
4,49403,0.86,0.39,0.33,-0.06,0.43,-0.65,0.69,-4167,4437,3265,5,-7,-4,0,0,0,-1
5,49487,0.31,-0.54,0.28,0.74,-1.88,-1.28,0.08,-7898,-6468,3082,91,-2,1,0,0,0,-1
0,49574,0.91,0.23,0.15,-0.30,0.67,-0.42,0.34,-2536,1883,5029,-7,4,5,0,0,0,-1
1,49950,0.93,0.33,-0.14,0.08,-0.25,0.32,0.64,2691,5092,6428,0,-1,-1,0,0,0,-1
2,49979,0.92,0.37,-0.01,0.13,-0.24,0.11,0.75,940,5886,6178,-1,-2,-1,0,0,0,-1
3,50064,0.75,0.43,0.05,-0.50,1.02,-0.53,0.63,-3361,3929,4163,-1,-3,-2,0,0,0,-1
4,50123,0.86,0.38,0.33,-0.05,0.42,-0.65,0.68,-4197,4316,3343,-2,0,-1,0,0,0,-1
5,50207,0.74,-0.21,0.56,0.31,-1.30,-1.27,0.04,-7528,-6670,3250,91,-6,-2,0,0,0,-1
0,50293,0.92,0.22,0.14,-0.30,0.67,-0.41,0.32,-2492,1889,5215,-2,-4,-5,0,0,0,-1
1,50669,0.93,0.32,-0.15,0.07,-0.23,0.33,0.61,2675,5054,6599,3,0,1,0,0,0,-1
2,50700,0.93,0.36,-0.01,0.12,-0.23,0.11,0.73,957,5722,6540,4,0,0,0,0,0,-1
3,50762,0.75,0.42,0.05,-0.51,1.04,-0.53,0.61,-3106,3804,4138,3,-2,-3,0,0,0,-1
4,50843,0.86,0.38,0.32,-0.06,0.43,-0.65,0.67,-4345,4372,3821,9,1,2,0,0,0,-1
5,50926,0.77,0.24,0.52,-0.29,1.17,-1.21,0.07,-7836,-6755,3308,90,-7,1,0,0,0,-1
0,50992,0.91,0.23,0.14,-0.31,0.68,-0.40,0.34,-2287,2093,4941,-2,-2,-1,0,0,0,-1
1,51368,0.92,0.36,-0.15,0.06,-0.23,0.33,0.70,2688,5425,5695,5,-4,1,0,0,0,-1
2,51399,0.91,0.40,-0.02,0.11,-0.22,0.12,0.81,1111,6775,5916,13,0,1,0,0,0,-1
3,51480,0.73,0.46,0.02,-0.50,0.99,-0.51,0.71,-3236,4201,3701,8,4,3,0,0,0,-1
4,51544,0.84,0.43,0.32,-0.05,0.44,-0.63,0.76,-3747,4845,2487,-1,-3,-3,0,0,0,-1
5,51625,0.38,0.56,0.22,-0.70,1.67,-1.27,0.12,-7560,-6022,2704,90,-4,-1,0,0,0,-1
0,51710,0.91,0.26,0.13,-0.30,0.67,-0.40,0.40,-2331,2374,4859,-1,-1,0,0,0,0,-1
1,52087,0.91,0.38,-0.16,0.04,-0.20,0.33,0.75,2557,5892,5394,5,-8,-8,0,0,0,-1
2,52119,0.90,0.43,-0.02,0.09,-0.18,0.12,0.87,706,6374,5054,2,-2,-2,0,0,0,-1
3,52200,0.72,0.47,-0.00,-0.51,1.00,-0.50,0.74,-3235,4572,3534,0,-4,-1,0,0,0,-1
4,52263,0.83,0.46,0.32,-0.07,0.48,-0.63,0.79,-4049,5106,2573,5,-2,-1,0,0,0,-1
5,52343,-0.23,0.56,-0.21,-0.76,-1.98,-1.28,0.07,-7271,-5855,2464,91,-6,-1,0,0,0,-1
0,52429,0.90,0.28,0.11,-0.33,0.70,-0.38,0.45,-2313,2750,4459,-2,-7,-5,0,0,0,-1
1,52807,0.90,0.39,-0.18,0.01,-0.16,0.33,0.79,2638,6094,5413,-1,-1,0,0,0,0,-1
2,52840,0.89,0.44,-0.04,0.06,-0.14,0.12,0.90,989,6638,5263,1,1,1,0,0,0,-1
3,52919,0.70,0.48,-0.03,-0.53,1.02,-0.49,0.78,-3018,4692,3256,0,1,0,0,0,0,-1
4,52984,0.82,0.47,0.30,-0.09,0.50,-0.63,0.81,-3853,5242,2514,0,0,-1,0,0,0,-1
5,53063,-0.69,0.25,-0.55,-0.39,-1.46,-1.29,0.07,-7308,-5723,2262,90,-9,-1,0,0,0,-1
0,53148,0.89,0.29,0.09,-0.34,0.72,-0.38,0.47,-2179,2759,4428,2,-2,-2,0,0,0,-1
1,53526,0.90,0.39,-0.18,0.00,-0.15,0.34,0.78,2881,6034,5339,-10,-5,-4,0,0,0,-1
2,53560,0.90,0.44,-0.05,0.05,-0.13,0.13,0.89,1073,6664,5512,-3,-6,-5,0,0,0,-1
3,53638,0.69,0.48,-0.04,-0.54,1.05,-0.48,0.77,-3055,4692,3323,2,-4,-4,0,0,0,-1
4,53704,0.82,0.48,0.29,-0.11,0.52,-0.62,0.81,-4162,5169,2635,3,-4,-2,0,0,0,-1
5,53782,-0.77,-0.19,-0.57,0.22,1.14,-1.28,0.05,-7423,-5742,2425,91,-4,0,0,0,0,-1
0,53866,0.88,0.29,0.09,-0.36,0.76,-0.37,0.46,-2241,2673,4565,-4,2,1,0,0,0,-1
1,54245,0.91,0.38,-0.18,0.01,-0.16,0.34,0.76,2769,5889,5487,-6,2,4,0,0,0,-1
2,54280,0.90,0.43,-0.04,0.06,-0.14,0.12,0.87,652,6458,4924,-10,5,6,0,0,0,-1
3,54356,0.71,0.48,-0.02,-0.53,1.02,-0.49,0.76,-2995,4417,3529,-8,4,1,0,0,0,-1
4,54424,0.83,0.45,0.30,-0.09,0.48,-0.62,0.78,-3512,4922,3422,1,18,4,0,0,0,-1
5,54501,-0.39,-0.55,-0.29,0.68,1.67,-1.35,0.04,-7167,-6083,2424,90,-4,-2,0,0,0,-1
0,54585,0.90,0.27,0.12,-0.33,0.72,-0.40,0.41,-2448,2309,4909,-5,1,4,0,0,0,-1
1,54964,0.92,0.36,-0.17,0.03,-0.19,0.34,0.70,2835,5579,5764,-1,2,-1,0,0,0,-1
2,55001,0.91,0.40,-0.03,0.08,-0.17,0.12,0.82,993,6288,5672,-2,2,-1,0,0,0,-1
3,55075,0.72,0.47,0.00,-0.52,1.02,-0.51,0.73,-3113,4250,3827,0,-2,0,0,0,0,-1
4,55144,0.84,0.44,0.31,-0.08,0.47,-0.63,0.76,-4118,4731,2923,0,-1,-1,0,0,0,-1
5,55221,0.22,-0.58,0.16,0.77,-2.01,-1.28,-0.00,-7280,-6740,2387,91,-25,-12,0,0,0,-1
0,55304,0.90,0.25,0.13,-0.33,0.72,-0.40,0.37,-2597,1530,5814,10,7,13,0,0,0,-1
1,55683,0.91,0.36,-0.18,0.04,-0.22,0.36,0.71,2725,5600,5801,-5,-3,0,0,0,0,-1
2,55719,0.91,0.41,-0.04,0.09,-0.20,0.14,0.82,881,6300,6112,3,-2,3,0,0,0,-1
3,55793,0.73,0.47,-0.01,-0.50,0.97,-0.47,0.76,-3080,4533,3854,4,-1,6,0,0,0,-1
4,55864,0.84,0.45,0.29,-0.06,0.42,-0.58,0.81,-3646,5077,2970,-4,-13,3,0,0,0,-1
5,55939,0.66,-0.28,0.54,0.44,-1.54,-1.27,0.11,-6525,-5922,1495,91,-23,4,0,0,0,-1
0,56023,0.90,0.29,0.10,-0.30,0.64,-0.37,0.49,-1970,2575,4252,-8,6,-8,0,0,0,-1
1,56402,0.92,0.36,-0.15,0.07,-0.24,0.32,0.71,2750,5536,5981,0,1,0,0,0,0,-1
2,56420,0.91,0.40,-0.01,0.11,-0.21,0.10,0.82,908,6217,5980,1,-2,0,0,0,0,-1
3,56513,0.73,0.47,0.02,-0.49,0.97,-0.52,0.74,-3328,4261,3883,1,-5,1,0,0,0,-1
4,56584,0.84,0.43,0.32,-0.05,0.43,-0.63,0.76,-3614,4956,3248,2,-1,-2,0,0,0,-1
5,56658,0.77,0.15,0.60,-0.18,1.10,-1.32,0.01,-7976,-6108,2817,90,2,1,0,0,0,-1
0,56740,0.91,0.27,0.14,-0.30,0.66,-0.42,0.42,-2190,2597,4851,-2,2,0,0,0,0,-1
1,57101,0.92,0.36,-0.15,0.07,-0.25,0.33,0.70,2643,5522,5976,-1,2,0,0,0,0,-1
2,57120,0.91,0.40,-0.01,0.12,-0.22,0.11,0.81,984,6256,5964,0,0,-1,0,0,0,-1
3,57211,0.73,0.47,0.02,-0.49,0.97,-0.52,0.73,-3163,4263,3817,0,0,-1,0,0,0,-1
4,57284,0.84,0.43,0.33,-0.05,0.43,-0.63,0.76,-4132,4677,3007,0,0,0,0,0,0,-1
5,57357,0.46,0.50,0.32,-0.66,1.66,-1.26,0.04,-7427,-6282,2867,90,-4,-1,0,0,0,-1
0,57439,0.91,0.27,0.13,-0.29,0.65,-0.41,0.42,-2330,2355,4827,-2,1,0,0,0,0,-1
1,57800,0.92,0.36,-0.15,0.07,-0.25,0.33,0.70,2814,5544,5935,-2,1,-1,0,0,0,-1
2,57821,0.91,0.40,-0.01,0.12,-0.22,0.11,0.81,955,6203,5853,-1,-2,-1,0,0,0,-1
3,57910,0.74,0.46,0.02,-0.50,0.98,-0.51,0.72,-3210,4214,3839,-1,-1,-1,0,0,0,-1
4,57984,0.85,0.42,0.33,-0.05,0.43,-0.63,0.75,-4116,4701,2947,-1,-1,-1,0,0,0,-1
5,58056,-0.10,0.58,-0.11,-0.80,-2.39,-1.26,0.07,-7492,-6210,2833,91,-4,0,0,0,0,-1
0,58138,0.91,0.26,0.13,-0.30,0.66,-0.40,0.41,-2296,2319,4893,-1,-1,-1,0,0,0,-1
1,58519,0.92,0.36,-0.15,0.07,-0.25,0.33,0.69,2757,5466,6044,0,-1,-1,0,0,0,-1
2,58540,0.91,0.40,-0.01,0.12,-0.22,0.11,0.80,955,6157,5838,-1,0,-1,0,0,0,-1
3,58630,0.74,0.46,0.03,-0.50,0.99,-0.52,0.70,-3251,4230,3815,-1,0,-1,0,0,0,3
4,58703,0.85,0.42,0.33,-0.05,0.43,-0.64,0.74,-4193,4622,3123,0,-1,0,0,0,0,3
5,58775,-0.62,0.34,-0.49,-0.51,-1.56,-1.28,0.07,-7541,-6259,2898,90,-3,-1,0,0,0,3
0,58856,0.91,0.26,0.13,-0.30,0.66,-0.40,0.40,-2314,2284,4924,0,-2,-1,0,0,0,3
1,59239,0.92,0.36,-0.15,0.07,-0.24,0.33,0.69,2733,5444,6064,-1,0,0,0,0,0,3
2,59259,0.91,0.39,-0.01,0.11,-0.22,0.11,0.80,887,6116,5918,0,-1,0,0,0,0,3
3,59348,0.74,0.46,0.03,-0.50,0.99,-0.52,0.70,-3328,4180,3909,-1,0,-1,0,0,0,3
4,59424,0.85,0.41,0.33,-0.05,0.44,-0.64,0.73,-4199,4611,3082,0,-1,0,0,0,0,3
5,59495,-0.80,-0.09,-0.59,0.07,0.64,-1.28,0.06,-7553,-6279,2883,91,-3,0,0,0,0,3
0,59574,0.91,0.25,0.13,-0.30,0.66,-0.41,0.39,-2359,2223,4973,0,-1,0,0,0,0,3
1,59958,0.92,0.36,-0.15,0.07,-0.24,0.33,0.69,2797,5493,6051,-1,0,0,0,0,0,3
2,59979,0.91,0.39,-0.01,0.11,-0.22,0.11,0.80,941,6136,5796,-2,1,0,0,0,0,3
3,60067,0.74,0.45,0.03,-0.50,1.00,-0.52,0.69,-3283,4181,3911,-1,-1,-1,0,0,0,3
4,60144,0.85,0.41,0.33,-0.05,0.44,-0.64,0.73,-4158,4608,3084,-3,1,-1,0,0,0,3
5,60214,-0.53,-0.47,-0.37,0.61,1.57,-1.27,0.06,-7637,-6290,2957,90,-5,0,0,0,0,3
0,60293,0.91,0.25,0.13,-0.30,0.66,-0.40,0.39,-2254,2304,5004,-2,1,-1,0,0,0,3
1,60676,0.92,0.35,-0.15,0.07,-0.24,0.32,0.68,2696,5381,6103,0,-1,-1,0,0,0,3
2,60700,0.91,0.39,-0.01,0.11,-0.22,0.11,0.79,845,6080,5990,1,-3,-1,0,0,0,3
3,60786,0.74,0.45,0.03,-0.50,1.00,-0.52,0.69,-3236,4202,3787,-2,1,-1,0,0,0,3
4,60864,0.85,0.41,0.33,-0.05,0.44,-0.65,0.72,-4270,4542,3209,1,-2,0,0,0,0,3
5,60934,0.04,-0.59,0.06,0.80,-2.71,-1.27,0.06,-7505,-6271,2852,91,-3,0,0,0,0,3
0,61011,0.91,0.25,0.13,-0.30,0.67,-0.41,0.39,-2394,2186,4952,1,-2,0,0,0,0,3
1,61395,0.92,0.35,-0.15,0.07,-0.24,0.33,0.68,2716,5432,6067,0,-2,-1,0,0,0,3
2,61420,0.91,0.39,-0.01,0.11,-0.22,0.11,0.80,918,6098,5947,0,-2,-1,0,0,0,3
3,61505,0.74,0.45,0.03,-0.50,1.00,-0.52,0.69,-3222,4210,3828,-1,0,-1,0,0,0,3
4,61585,0.85,0.41,0.33,-0.06,0.44,-0.64,0.73,-4121,4655,3039,-1,0,-1,0,0,0,3
5,61652,0.58,-0.38,0.46,0.55,-1.61,-1.27,0.06,-7526,-6278,2889,90,-4,0,0,0,0,3
0,61730,0.91,0.25,0.13,-0.30,0.67,-0.40,0.39,-2355,2220,4958,0,-1,-1,0,0,0,3
1,62114,0.92,0.35,-0.15,0.07,-0.24,0.33,0.69,2758,5456,6048,-1,0,0,0,0,0,3
2,62140,0.91,0.39,-0.01,0.11,-0.22,0.11,0.80,920,6118,5910,-1,-1,0,0,0,0,3
3,62223,0.74,0.45,0.03,-0.50,1.00,-0.52,0.69,-3286,4186,3887,0,0,-1,0,0,0,3
4,62284,0.85,0.41,0.33,-0.06,0.44,-0.64,0.73,-4120,4658,3021,-1,-1,-1,0,0,0,3
5,62370,0.80,0.04,0.60,-0.00,0.19,-1.28,0.06,-7532,-6276,2909,91,-4,0,0,0,0,3
0,62449,0.91,0.25,0.13,-0.30,0.67,-0.40,0.39,-2313,2261,4973,0,-1,-1,0,0,0,3
1,62833,0.92,0.35,-0.15,0.07,-0.24,0.33,0.69,2784,5465,6070,0,-1,-1,0,0,0,3
2,62860,0.91,0.39,-0.01,0.11,-0.22,0.11,0.80,954,6125,5863,-1,0,-1,0,0,0,3
3,62942,0.74,0.45,0.03,-0.50,1.00,-0.52,0.69,-3224,4206,3844,-1,0,-1,0,0,0,3
4,63004,0.85,0.41,0.33,-0.06,0.44,-0.64,0.73,-4179,4601,3068,0,-1,0,0,0,0,3
5,63090,0.57,0.44,0.40,-0.56,1.52,-1.27,0.06,-7524,-6244,2856,91,-4,0,0,0,0,3
0,63166,0.91,0.25,0.13,-0.30,0.67,-0.40,0.39,-2330,2225,4936,-1,-1,-1,0,0,0,3
1,63553,0.92,0.35,-0.15,0.07,-0.24,0.33,0.69,2732,5435,6044,0,-1,-1,0,0,0,3
2,63581,0.91,0.39,-0.01,0.11,-0.22,0.11,0.80,948,6116,5881,0,-1,-1,0,0,0,3
3,63662,0.74,0.45,0.03,-0.50,1.00,-0.52,0.69,-3290,4196,3885,0,-1,0,0,0,0,3
4,63725,0.85,0.41,0.33,-0.06,0.44,-0.64,0.73,-4162,4623,3046,-1,0,-1,0,0,0,3
5,63809,0.03,0.60,-0.02,-0.80,3.06,-1.27,0.06,-7571,-6283,2959,91,-4,0,0,0,0,3
0,63885,0.91,0.25,0.13,-0.30,0.67,-0.40,0.39,-2338,2235,4947,-1,0,-1,0,0,0,3
1,64272,0.92,0.35,-0.15,0.07,-0.24,0.33,0.69,2725,5458,6026,-1,0,-1,0,0,0,3
2,64301,0.91,0.39,-0.01,0.11,-0.22,0.11,0.80,925,6129,5889,0,-1,0,0,0,0,3
3,64380,0.74,0.45,0.03,-0.50,1.00,-0.52,0.69,-3330,4197,3922,0,-1,0,0,0,0,3
4,64445,0.85,0.41,0.33,-0.06,0.44,-0.65,0.73,-4157,4624,3051,-1,0,-1,0,0,0,3
5,64528,-0.54,0.42,-0.43,-0.60,-1.64,-1.27,0.06,-7564,-6282,2923,91,-3,0,0,0,0,3
0,64604,0.91,0.25,0.13,-0.30,0.67,-0.41,0.39,-2323,2252,4976,-1,0,-1,0,0,0,3
1,64991,0.92,0.35,-0.15,0.07,-0.24,0.33,0.69,2765,5454,6057,0,-1,-1,0,0,0,3
2,65019,0.91,0.39,-0.01,0.11,-0.22,0.11,0.80,930,6133,5861,-1,0,-1,0,0,0,3
3,65099,0.74,0.45,0.03,-0.50,1.00,-0.52,0.69,-3286,4186,3877,0,-1,0,0,0,0,3
4,65164,0.85,0.41,0.33,-0.06,0.44,-0.65,0.73,-4153,4619,3039,-1,0,-1,0,0,0,3
5,65248,-0.80,0.01,-0.60,-0.06,-0.34,-1.27,0.06,-7546,-6279,2898,91,-4,0,0,0,0,3
0,65323,0.91,0.25,0.13,-0.30,0.67,-0.40,0.39,-2353,2230,4951,0,-1,-1,0,0,0,3
1,65710,0.92,0.35,-0.15,0.07,-0.24,0.33,0.68,2721,5426,6050,-1,-1,-1,0,0,0,3
2,65740,0.91,0.39,-0.01,0.11,-0.21,0.11,0.80,924,6123,5884,0,-1,0,0,0,0,3
3,65818,0.74,0.45,0.03,-0.50,1.00,-0.52,0.69,-3279,4196,3879,-1,0,-1,0,0,0,3
4,65884,0.85,0.41,0.33,-0.06,0.44,-0.64,0.73,-4177,4571,3136,0,-2,0,0,0,0,3
5,65967,-0.62,-0.41,-0.43,0.51,1.47,-1.27,0.06,-7535,-6278,2936,91,-4,0,0,0,0,3
0,66041,0.91,0.25,0.13,-0.30,0.67,-0.40,0.39,-2317,2231,4973,0,0,-1,0,0,0,3
1,66428,0.92,0.35,-0.15,0.07,-0.24,0.33,0.68,2781,5434,6066,-1,0,0,0,0,0,3
2,66460,0.91,0.39,-0.01,0.11,-0.21,0.11,0.79,943,6104,5910,0,-1,0,0,0,0,3
3,66536,0.74,0.45,0.03,-0.50,1.00,-0.52,0.69,-3266,4169,3881,0,-1,-1,0,0,0,3
4,66605,0.85,0.41,0.33,-0.06,0.44,-0.64,0.73,-4151,4624,3071,-1,0,-1,0,0,0,3
5,66686,-0.09,-0.60,-0.03,0.80,2.56,-1.27,0.06,-7549,-6296,2924,91,-3,0,0,0,0,3
0,66760,0.91,0.25,0.13,-0.30,0.67,-0.40,0.39,-2335,2246,4979,0,0,0,0,0,0,3
1,67147,0.92,0.35,-0.15,0.07,-0.24,0.33,0.68,2731,5440,6038,0,-1,-1,0,0,0,3
2,67180,0.91,0.39,-0.01,0.11,-0.21,0.11,0.79,935,6109,5870,-1,0,0,0,0,0,3
3,67255,0.74,0.45,0.03,-0.50,1.00,-0.52,0.69,-3309,4176,3915,0,-1,0,0,0,0,3
4,67324,0.85,0.41,0.33,-0.06,0.44,-0.64,0.73,-4147,4610,3083,-1,0,-1,0,0,0,3
5,67405,0.49,-0.45,0.39,0.64,-1.69,-1.27,0.06,-7509,-6276,2874,91,-3,0,0,0,0,3
0,67477,0.91,0.25,0.13,-0.30,0.67,-0.40,0.39,-2364,2217,4934,0,-1,0,0,0,0,3
1,67867,0.92,0.35,-0.15,0.07,-0.24,0.33,0.68,2784,5440,6035,-1,0,0,0,0,0,3
2,67900,0.91,0.39,-0.01,0.11,-0.22,0.11,0.80,935,6105,5924,-1,0,0,0,0,0,3
3,67975,0.74,0.45,0.03,-0.50,1.00,-0.52,0.69,-3262,4189,3883,-1,-1,0,0,0,0,3
4,68044,0.85,0.41,0.33,-0.06,0.44,-0.64,0.73,-4165,4616,3069,-1,-1,0,0,0,0,3
5,68123,0.79,-0.05,0.59,0.12,-0.77,-1.27,0.06,-7562,-6288,2950,91,-3,0,0,0,0,3
0,68196,0.91,0.25,0.13,-0.30,0.67,-0.40,0.39,-2339,2229,4969,-1,0,0,0,0,0,3
1,68586,0.92,0.35,-0.15,0.07,-0.24,0.33,0.68,2765,5440,6048,-1,0,0,0,0,0,3
2,68621,0.91,0.39,-0.01,0.11,-0.22,0.11,0.79,939,6090,5951,-1,-1,0,0,0,0,3
3,68694,0.74,0.45,0.03,-0.50,1.00,-0.52,0.69,-3262,4181,3859,-1,0,-1,0,0,0,3
4,68765,0.85,0.41,0.33,-0.06,0.44,-0.64,0.72,-4168,4602,3106,0,-1,0,0,0,0,3
5,68843,0.66,0.37,0.47,-0.46,1.43,-1.27,0.06,-7557,-6301,2933,90,-3,0,0,0,0,3
0,68915,0.91,0.25,0.13,-0.30,0.67,-0.40,0.39,-2317,2235,4984,-1,0,-1,0,0,0,3
1,69305,0.92,0.35,-0.15,0.07,-0.24,0.33,0.68,2776,5408,6083,-1,0,0,0,0,0,3
2,69341,0.91,0.39,-0.01,0.11,-0.22,0.11,0.79,925,6085,5931,0,-1,0,0,0,0,3
3,69412,0.74,0.45,0.03,-0.50,1.00,-0.52,0.69,-3293,4170,3916,-1,0,0,0,0,0,3
4,69485,0.85,0.41,0.33,-0.06,0.44,-0.64,0.72,-4154,4587,3097,0,-1,0,0,0,0,3
5,69562,0.15,0.59,0.08,-0.79,2.22,-1.27,0.06,-7559,-6319,2940,90,-3,0,0,0,0,3
0,69634,0.91,0.25,0.13,-0.30,0.67,-0.40,0.39,-2326,2234,4983,0,-1,-1,0,0,0,3
1,70004,0.92,0.35,-0.15,0.07,-0.24,0.33,0.68,2769,5420,6097,-1,0,0,0,0,0,3
2,70040,0.91,0.39,-0.01,0.11,-0.22,0.11,0.79,927,6093,5909,-1,0,0,0,0,0,3
3,70111,0.74,0.45,0.03,-0.50,1.00,-0.52,0.68,-3282,4160,3916,-1,0,-1,0,0,0,3
4,70184,0.85,0.41,0.33,-0.06,0.44,-0.64,0.72,-4069,4613,2969,-1,-1,-1,0,0,0,3
5,70261,-0.42,0.49,-0.34,-0.68,-1.76,-1.27,0.06,-7546,-6346,2784,91,-2,0,0,0,0,3
0,70352,0.91,0.25,0.13,-0.30,0.67,-0.40,0.38,-2312,2214,5065,2,-5,-1,0,0,0,3
1,70723,0.92,0.35,-0.15,0.07,-0.24,0.33,0.67,2766,5394,6083,-1,0,0,0,0,0,3
2,70761,0.91,0.39,-0.01,0.11,-0.22,0.11,0.78,921,6050,5954,-1,0,0,0,0,0,3
3,70830,0.74,0.45,0.03,-0.50,1.01,-0.52,0.67,-3272,4120,3966,0,-1,-1,0,0,0,3
4,70904,0.85,0.41,0.33,-0.06,0.43,-0.64,0.72,-4156,4535,3142,0,0,0,0,0,0,3
5,70980,-0.78,0.11,-0.58,-0.20,-1.08,-1.27,0.06,-7550,-6360,2991,90,-3,0,0,0,0,3
0,71051,0.91,0.25,0.13,-0.30,0.67,-0.40,0.38,-2382,2199,5041,0,0,-2,0,0,0,3
1,71442,0.92,0.35,-0.15,0.07,-0.24,0.33,0.67,2763,5391,6104,-1,0,-1,0,0,0,3
2,71480,0.91,0.39,-0.01,0.11,-0.22,0.11,0.78,936,6051,5964,-1,0,0,0,0,0,3
3,71548,0.74,0.44,0.03,-0.51,1.01,-0.52,0.67,-3284,4105,3972,0,-1,0,0,0,0,3
4,71625,0.85,0.41,0.33,-0.06,0.43,-0.64,0.72,-4152,4529,3183,0,0,-1,0,0,0,3
5,71700,-0.70,-0.32,-0.50,0.39,1.35,-1.27,0.06,-7577,-6359,3036,91,-4,0,0,0,0,3
0,71769,0.91,0.25,0.13,-0.30,0.67,-0.40,0.38,-2335,2209,5002,-1,-1,-1,0,0,0,3
1,72161,0.92,0.35,-0.15,0.07,-0.24,0.33,0.67,2700,5371,6136,0,-1,0,0,0,0,3
2,72180,0.92,0.39,-0.01,0.11,-0.21,0.11,0.78,973,6008,6073,0,-1,-1,0,0,0,3
3,72267,0.74,0.44,0.03,-0.51,1.02,-0.52,0.67,-3271,4122,3934,0,-3,1,0,0,0,3
4,72345,0.85,0.41,0.32,-0.06,0.44,-0.64,0.72,-4246,4552,3270,2,-2,1,0,0,0,3
5,72419,-0.24,-0.58,-0.13,0.77,1.97,-1.26,0.07,-7609,-6360,3180,91,-4,0,0,0,0,3
0,72487,0.91,0.25,0.13,-0.31,0.67,-0.40,0.38,-2279,2270,4964,-2,1,-1,0,0,0,3
1,72880,0.92,0.35,-0.15,0.06,-0.24,0.34,0.68,2885,5397,6065,-1,-1,-1,0,0,0,3
2,72901,0.91,0.39,-0.02,0.11,-0.21,0.12,0.79,985,6099,5934,0,-1,-1,0,0,0,3
3,72986,0.74,0.45,0.03,-0.51,1.01,-0.51,0.68,-3229,4175,3874,0,-1,0,0,0,0,3
4,73064,0.85,0.41,0.32,-0.06,0.44,-0.64,0.72,-4138,4618,3144,0,-1,0,0,0,0,3
5,73137,0.36,-0.51,0.30,0.72,-1.83,-1.27,0.07,-7471,-6321,2995,90,-3,0,0,0,0,3
0,73205,0.91,0.25,0.13,-0.31,0.68,-0.39,0.38,-2244,2276,5001,-1,1,0,0,0,0,3
1,73600,0.92,0.35,-0.15,0.07,-0.24,0.33,0.68,2787,5415,6038,-1,0,-1,0,0,0,3
2,73621,0.91,0.39,-0.02,0.11,-0.22,0.12,0.79,955,6116,5909,-1,0,0,0,0,0,3
3,73705,0.74,0.45,0.02,-0.51,1.01,-0.51,0.69,-3198,4198,3852,-1,-1,-2,0,0,0,3
4,73785,0.85,0.41,0.32,-0.06,0.44,-0.64,0.73,-4140,4644,3078,-1,0,-1,0,0,0,3
5,73857,0.76,-0.16,0.58,0.26,-1.25,-1.28,0.06,-7497,-6301,2958,90,-3,0,0,0,0,3
0,73945,0.91,0.25,0.13,-0.31,0.67,-0.39,0.38,-2255,2231,4974,0,-1,-1,0,0,0,3
1,74318,0.92,0.35,-0.15,0.07,-0.24,0.33,0.68,2784,5419,6074,-1,-1,0,0,0,0,3
2,74340,0.91,0.39,-0.02,0.11,-0.21,0.12,0.79,1013,6089,5982,0,-1,0,0,0,0,3
3,74424,0.74,0.45,0.02,-0.51,1.01,-0.51,0.69,-3228,4193,3874,-1,-1,0,0,0,0,3
4,74505,0.85,0.41,0.32,-0.06,0.44,-0.64,0.73,-4100,4636,3085,-1,0,-1,0,0,0,3
5,74575,0.73,0.28,0.53,-0.33,1.29,-1.27,0.06,-7498,-6300,3000,90,-3,0,0,0,0,-1
0,74662,0.91,0.25,0.13,-0.31,0.67,-0.39,0.38,-2289,2231,5013,-1,0,0,0,0,0,-1
1,75037,0.92,0.35,-0.16,0.06,-0.23,0.34,0.68,2953,5535,5812,-3,-3,-5,0,0,0,-1
2,75060,0.91,0.39,-0.02,0.10,-0.21,0.12,0.80,954,6156,5899,0,-5,-4,0,0,0,-1
3,75143,0.73,0.45,0.02,-0.51,1.02,-0.51,0.69,-3398,4294,3767,-1,0,0,0,0,0,-1
4,75225,0.85,0.42,0.32,-0.06,0.44,-0.64,0.73,-4084,4701,2982,-2,0,0,0,0,0,-1
5,75295,0.30,0.56,0.18,-0.75,1.85,-1.26,0.06,-7448,-6366,2986,90,-3,0,0,0,0,-1
0,75381,0.91,0.25,0.12,-0.31,0.68,-0.39,0.39,-2185,1968,5210,4,0,1,0,0,0,-1
1,75756,0.92,0.35,-0.18,0.05,-0.23,0.37,0.67,2537,5676,4858,-29,-19,12,0,0,0,-1
2,75781,0.92,0.38,-0.05,0.10,-0.22,0.17,0.76,1158,5941,6046,-28,-26,5,0,0,0,-1
3,75862,0.75,0.40,0.00,-0.52,1.05,-0.43,0.64,-2910,3992,3864,-34,-25,8,0,0,0,-1
4,75945,0.89,0.38,0.23,-0.08,0.35,-0.50,0.69,-2587,4314,3264,-28,-43,1,0,0,0,-1
5,76034,-0.31,0.46,-0.26,-0.79,-2.06,-1.09,0.13,-6019,-7782,3340,90,-33,6,0,0,0,-1
0,76100,0.95,0.09,0.02,-0.31,0.64,-0.09,0.15,-223,661,6190,-24,-30,12,0,0,0,-1
1,76476,0.87,0.07,-0.48,0.08,-0.37,1.02,0.04,6749,650,4747,-29,-52,23,0,0,0,-1
2,76502,0.90,0.14,-0.39,0.11,-0.43,0.83,0.16,6231,1864,7177,-15,-47,19,0,0,0,-1
3,76580,0.84,-0.02,-0.15,-0.52,1.12,0.28,0.11,2171,-151,4540,-25,-52,11,0,0,0,-1
4,76664,0.95,0.20,-0.21,-0.12,0.16,0.35,0.44,2044,2093,4807,-2,-81,24,0,0,0,-1
5,76752,-0.72,-0.07,-0.36,-0.59,-1.51,-0.45,0.54,-896,-11873,2568,90,-74,17,0,0,0,-1
0,76838,0.88,-0.23,-0.34,-0.23,0.71,0.78,-0.26,5335,-2130,3741,-20,-6,-5,0,0,0,-1
1,77214,0.66,-0.05,-0.74,0.12,-2.63,1.30,-0.25,7725,-1582,-1117,-5,-6,6,0,0,0,-1
2,77241,0.73,0.04,-0.67,0.14,-1.33,1.40,-0.13,8085,-952,1282,1,-10,3,0,0,0,-1
3,77320,0.80,-0.32,-0.35,-0.38,1.05,0.92,-0.24,5263,-2682,1447,-2,-8,0,0,0,0,-1
4,77405,0.85,0.14,-0.51,-0.05,-0.11,1.01,0.29,6701,1232,1267,0,-2,0,0,0,0,-1
5,77472,-0.64,-0.53,-0.49,-0.25,0.47,-0.37,1.20,502,-13429,149,90,-2,0,0,0,0,-1
0,77557,0.81,-0.32,-0.47,-0.16,0.84,1.04,-0.37,6545,-3016,1607,0,-4,0,0,0,0,-1
1,77934,0.65,-0.05,-0.75,0.12,-2.69,1.29,-0.24,7687,-1861,-1132,0,1,-1,0,0,0,-1
2,77960,0.72,0.05,-0.68,0.14,-1.42,1.42,-0.13,7981,-926,517,0,4,-1,0,0,0,-1
3,78039,0.78,-0.37,-0.37,-0.35,1.05,0.99,-0.31,5121,-2490,1541,-1,1,-1,0,0,0,-1
4,78125,0.83,0.13,-0.54,-0.04,-0.18,1.09,0.26,6328,1249,1729,0,-3,0,0,0,0,-1
5,78191,0.13,-0.72,-0.53,0.43,1.46,-0.50,-0.70,550,-13476,67,91,-1,-1,0,0,0,-1
0,78275,0.79,-0.34,-0.48,-0.16,0.87,1.06,-0.39,6514,-2964,1677,-1,0,0,0,0,0,-1
1,78652,0.65,-0.05,-0.75,0.12,-2.67,1.30,-0.24,7579,-1832,-1008,-1,-1,0,0,0,0,-1
2,78681,0.72,0.05,-0.68,0.14,-1.40,1.43,-0.12,7830,-867,719,-1,-3,0,0,0,0,-1
3,78756,0.76,-0.40,-0.39,-0.33,1.05,1.03,-0.36,5288,-2565,1306,-1,-3,0,0,0,0,-1
4,78845,0.81,0.12,-0.57,-0.03,-0.26,1.16,0.23,6473,1247,1524,-1,1,-1,0,0,0,-1
5,78911,0.63,-0.34,-0.21,0.67,-1.54,-0.19,-0.78,390,-13439,173,91,-4,0,0,0,0,-1
0,78994,0.78,-0.35,-0.50,-0.15,0.91,1.08,-0.40,6568,-2983,1530,0,-4,0,0,0,0,-1
1,79372,0.63,-0.05,-0.76,0.12,-2.80,1.27,-0.24,7516,-1864,-1362,-1,-1,0,0,0,0,4
2,79400,0.71,0.05,-0.69,0.14,-1.56,1.44,-0.13,7893,-960,327,0,-1,0,0,0,0,4
3,79475,0.74,-0.43,-0.41,-0.31,1.05,1.07,-0.40,5353,-2627,1014,-1,-1,-1,0,0,0,4
4,79565,0.79,0.12,-0.60,-0.02,-0.37,1.23,0.21,6536,1229,1335,0,-1,-1,0,0,0,4
5,79629,0.73,-0.03,0.00,0.69,-1.51,-0.04,-0.04,589,-13517,-193,91,-4,0,0,0,0,4
0,79713,0.76,-0.36,-0.52,-0.14,0.95,1.11,-0.41,6667,-3002,1265,0,0,-1,0,0,0,4
1,80091,0.63,-0.05,-0.77,0.12,-2.81,1.27,-0.24,7503,-1881,-1401,0,0,0,0,0,0,4
2,80121,0.71,0.05,-0.69,0.14,-1.57,1.44,-0.13,7884,-975,294,0,-1,0,0,0,0,4
3,80195,0.73,-0.45,-0.42,-0.30,1.05,1.08,-0.41,5386,-2630,961,0,0,-1,0,0,0,4
4,80266,0.78,0.11,-0.61,-0.01,-0.42,1.26,0.20,6554,1217,1316,0,-1,0,0,0,0,4
5,80349,0.68,0.27,0.22,0.65,-1.48,0.05,0.70,587,-13529,-212,91,-4,0,0,0,0,4
0,80431,0.76,-0.36,-0.53,-0.14,0.97,1.11,-0.41,6685,-3001,1211,-1,0,-1,0,0,0,4
1,80811,0.63,-0.05,-0.77,0.12,-2.81,1.27,-0.24,7519,-1885,-1425,0,2,-1,0,0,0,4
2,80841,0.71,0.05,-0.69,0.14,-1.56,1.44,-0.12,7911,-974,298,0,2,-1,0,0,0,4
3,80914,0.72,-0.46,-0.42,-0.30,1.05,1.08,-0.43,5240,-2562,1173,-1,-2,0,0,0,0,4
4,81005,0.78,0.11,-0.62,-0.01,-0.47,1.28,0.19,6487,1246,1335,1,-5,0,0,0,0,4
5,81068,0.31,0.67,0.54,0.40,1.35,0.20,1.02,686,-13575,-371,91,-4,0,0,0,0,4
0,81148,0.75,-0.36,-0.53,-0.14,0.98,1.12,-0.41,6719,-2940,1102,-1,0,-1,0,0,0,4
1,81529,0.62,-0.05,-0.78,0.12,-2.88,1.24,-0.24,7419,-1888,-1628,-1,-4,0,0,0,0,4
2,81561,0.69,0.05,-0.71,0.14,-1.71,1.44,-0.13,7874,-1007,-30,-1,-5,0,0,0,0,4
3,81632,0.71,-0.48,-0.44,-0.28,1.06,1.10,-0.44,5593,-2763,453,0,0,-1,0,0,0,4
4,81725,0.77,0.11,-0.63,-0.01,-0.59,1.32,0.18,6604,1193,1084,-1,1,-1,0,0,0,4
5,81786,-0.51,0.61,0.52,-0.30,0.88,0.17,-1.23,633,-13572,-481,90,-3,0,0,0,0,4
0,81867,0.74,-0.37,-0.54,-0.13,1.01,1.13,-0.41,6760,-2999,949,0,-1,0,0,0,0,4
1,82247,0.62,-0.05,-0.78,0.12,-2.88,1.24,-0.24,7436,-1903,-1684,0,-1,-1,0,0,0,4
2,82281,0.69,0.05,-0.71,0.14,-1.70,1.44,-0.13,7877,-1022,4,0,-1,0,0,0,0,4
3,82351,0.70,-0.48,-0.44,-0.28,1.06,1.10,-0.45,5433,-2683,723,0,-1,0,0,0,0,4
4,82425,0.76,0.11,-0.64,-0.01,-0.61,1.33,0.18,6653,1206,1035,0,0,0,0,0,0,4
5,82506,-0.74,0.21,0.25,-0.59,-1.34,0.12,-0.64,641,-13570,-488,91,-4,0,0,0,0,4
0,82586,0.74,-0.37,-0.55,-0.13,1.02,1.13,-0.41,6781,-3003,893,-1,0,-1,0,0,0,4
1,82967,0.62,-0.05,-0.78,0.12,-2.89,1.24,-0.24,7428,-1906,-1708,0,0,-1,0,0,0,4
2,83001,0.69,0.05,-0.71,0.14,-1.72,1.44,-0.13,7887,-1030,-61,0,0,0,0,0,0,4
3,83069,0.70,-0.48,-0.44,-0.28,1.06,1.10,-0.45,5441,-2686,706,0,0,-1,0,0,0,4
4,83145,0.76,0.11,-0.64,-0.01,-0.64,1.33,0.18,6657,1199,1037,0,-2,0,0,0,0,4
5,83224,-0.72,-0.08,0.05,-0.69,-1.53,0.18,0.05,685,-13586,-595,90,-2,0,0,0,0,4
0,83305,0.74,-0.37,-0.55,-0.13,1.02,1.14,-0.41,6752,-3003,929,-1,-1,0,0,0,0,4
1,83686,0.61,-0.05,-0.78,0.12,-2.90,1.24,-0.25,7412,-1895,-1746,-1,-2,0,0,0,0,4
2,83721,0.69,0.05,-0.71,0.14,-1.74,1.44,-0.13,7877,-1022,-87,-1,-2,0,0,0,0,4
3,83789,0.70,-0.49,-0.45,-0.27,1.07,1.10,-0.45,5455,-2701,634,-1,-2,0,0,0,0,4
4,83865,0.76,0.11,-0.64,-0.00,-0.69,1.34,0.18,6688,1198,953,0,-1,0,0,0,0,4
5,83944,-0.52,-0.39,-0.18,-0.74,-1.80,0.40,0.73,700,-13606,-617,90,-4,0,0,0,0,4
0,84023,0.74,-0.37,-0.55,-0.13,1.03,1.14,-0.41,6775,-2994,816,-1,0,-1,0,0,0,4
1,84406,0.61,-0.05,-0.78,0.11,-2.91,1.23,-0.25,7408,-1908,-1808,0,-1,-1,0,0,0,4
2,84442,0.69,0.05,-0.71,0.14,-1.77,1.44,-0.13,7885,-1042,-147,0,0,-1,0,0,0,4
3,84508,0.69,-0.49,-0.45,-0.27,1.07,1.10,-0.46,5468,-2697,596,0,0,-1,0,0,0,4
4,84586,0.75,0.11,-0.65,-0.00,-0.70,1.35,0.18,6700,1193,940,0,0,-1,0,0,0,4
5,84663,0.09,-0.69,-0.50,-0.52,1.60,0.94,0.39,683,-13604,-603,91,-3,0,0,0,0,4
0,84742,0.73,-0.37,-0.55,-0.13,1.04,1.14,-0.41,6783,-3000,825,-1,0,-1,0,0,0,4
1,85125,0.61,-0.05,-0.78,0.11,-2.91,1.23,-0.25,7404,-1906,-1780,0,0,0,0,0,0,4
2,85161,0.69,0.05,-0.71,0.14,-1.76,1.44,-0.13,7873,-1036,-127,-1,0,-1,0,0,0,4
3,85226,0.69,-0.49,-0.45,-0.27,1.07,1.10,-0.46,5465,-2708,626,-1,-1,0,0,0,0,4
4,85306,0.75,0.11,-0.65,-0.00,-0.70,1.35,0.17,6714,1192,923,-1,0,-1,0,0,0,4
5,85383,0.74,-0.45,-0.48,0.16,0.38,0.60,-0.95,681,-13586,-597,91,-3,0,0,0,0,4
0,85460,0.73,-0.37,-0.55,-0.13,1.04,1.14,-0.41,6776,-3005,847,0,-1,0,0,0,0,4
1,85842,0.61,-0.05,-0.78,0.11,-2.92,1.23,-0.25,7397,-1903,-1813,-1,-1,0,0,0,0,4
2,85881,0.69,0.05,-0.71,0.14,-1.77,1.44,-0.13,7875,-1039,-152,-1,-1,0,0,0,0,4
3,85946,0.69,-0.49,-0.45,-0.27,1.07,1.10,-0.46,5471,-2711,595,-1,-1,0,0,0,0,4
4,86025,0.75,0.11,-0.65,-0.00,-0.72,1.35,0.17,6705,1194,912,-1,-1,0,0,0,0,4
5,86100,0.80,-0.08,-0.28,0.53,-1.23,0.37,-0.45,695,-13602,-643,91,-3,0,0,0,0,4
0,86179,0.73,-0.37,-0.55,-0.13,1.04,1.14,-0.41,6795,-3006,798,-1,0,0,0,0,0,4
1,86562,0.61,-0.05,-0.78,0.11,-2.93,1.23,-0.25,7382,-1916,-1854,-1,-1,0,0,0,0,4
2,86601,0.68,0.05,-0.71,0.14,-1.79,1.44,-0.13,7879,-1052,-202,-1,0,0,0,0,0,4
3,86665,0.69,-0.50,-0.45,-0.27,1.07,1.10,-0.46,5467,-2714,572,-1,-1,0,0,0,0,4
4,86746,0.75,0.11,-0.65,-0.00,-0.73,1.35,0.17,6736,1184,875,-1,0,-1,0,0,0,4
5,86820,0.65,0.20,-0.10,0.72,-1.64,0.42,0.12,682,-13604,-651,91,-3,0,0,0,0,4
0,86897,0.73,-0.37,-0.56,-0.13,1.05,1.14,-0.41,6805,-3008,753,-1,-1,-1,0,0,0,4
1,87281,0.61,-0.05,-0.78,0.11,-2.93,1.22,-0.25,7368,-1908,-1881,-1,-1,0,0,0,0,4
2,87321,0.68,0.05,-0.71,0.14,-1.80,1.44,-0.13,7862,-1052,-215,-1,-1,0,0,0,0,4
3,87383,0.69,-0.50,-0.46,-0.27,1.07,1.10,-0.46,5500,-2728,503,-1,0,-1,0,0,0,4
4,87465,0.75,0.11,-0.65,-0.00,-0.75,1.36,0.17,6724,1183,849,-1,0,-1,0,0,0,4
5,87539,0.30,0.47,0.14,0.82,-2.40,0.75,0.54,711,-13616,-672,91,-3,0,0,0,0,4
0,87616,0.73,-0.37,-0.56,-0.13,1.05,1.14,-0.41,6801,-2984,746,-1,-1,0,0,0,0,4
1,88001,0.61,-0.05,-0.78,0.11,-2.93,1.23,-0.25,7381,-1907,-1817,-1,-4,0,0,0,0,4
2,88041,0.68,0.05,-0.71,0.14,-1.80,1.44,-0.13,7854,-1051,-190,-1,-4,0,0,0,0,4
3,88101,0.69,-0.50,-0.46,-0.26,1.08,1.10,-0.46,5550,-2758,414,-1,-2,0,0,0,0,4
4,88186,0.75,0.11,-0.65,-0.00,-0.77,1.36,0.17,6742,1184,778,-1,0,-1,0,0,0,4
5,88259,-0.40,0.59,0.44,0.55,1.55,1.49,0.00,693,-13610,-738,90,-3,0,0,0,0,4
0,88335,0.73,-0.37,-0.56,-0.13,1.06,1.15,-0.41,6788,-2998,753,0,-3,0,0,0,0,4
1,88719,0.60,-0.05,-0.79,0.11,-2.96,1.21,-0.25,7330,-1911,-2015,0,2,-1,0,0,0,4
2,88761,0.68,0.05,-0.72,0.14,-1.85,1.43,-0.13,7861,-1054,-315,0,2,-1,0,0,0,4
3,88820,0.68,-0.50,-0.46,-0.26,1.08,1.10,-0.46,5425,-2697,590,-1,-3,0,0,0,0,4
4,88906,0.74,0.11,-0.66,-0.00,-0.83,1.37,0.17,6794,1184,674,0,-4,0,0,0,0,4
5,88977,-0.83,0.31,0.46,-0.10,0.21,0.77,-0.64,767,-13651,-896,91,-3,0,0,0,0,4
0,89053,0.72,-0.37,-0.57,-0.12,1.07,1.15,-0.41,6795,-2997,642,0,-3,0,0,0,0,4
1,89439,0.59,-0.05,-0.79,0.11,-2.98,1.20,-0.25,7288,-1899,-2103,-1,-1,0,0,0,0,4
2,89481,0.67,0.05,-0.73,0.14,-1.91,1.42,-0.14,7820,-1070,-411,-1,-3,0,0,0,0,4
3,89560,0.68,-0.51,-0.47,-0.26,1.09,1.10,-0.46,5533,-2765,221,-1,-2,0,0,0,0,4
4,89625,0.74,0.11,-0.67,-0.00,-0.93,1.38,0.17,6867,1181,528,-1,0,-1,0,0,0,4
5,89697,-0.79,-0.02,0.32,-0.52,-1.28,0.55,-0.31,750,-13642,-960,90,-3,0,0,0,0,4
0,89791,0.72,-0.38,-0.57,-0.12,1.09,1.15,-0.41,6867,-2998,435,-1,0,-1,0,0,0,4
1,90158,0.59,-0.06,-0.80,0.11,-2.99,1.20,-0.25,7292,-1908,-2110,-1,-3,0,0,0,0,4
2,90181,0.67,0.05,-0.73,0.14,-1.93,1.42,-0.14,7834,-1074,-470,-1,-4,0,0,0,0,4
3,90278,0.68,-0.51,-0.47,-0.26,1.09,1.11,-0.46,5612,-2777,105,-1,0,-1,0,0,0,4
4,90346,0.74,0.11,-0.67,-0.00,-0.92,1.38,0.17,6842,1170,547,-1,1,-1,0,0,0,4
5,90416,-0.55,-0.28,0.13,-0.78,-1.82,0.62,0.11,746,-13639,-933,91,-3,0,0,0,0,4
0,90510,0.72,-0.38,-0.57,-0.12,1.09,1.15,-0.41,6851,-2995,473,0,-1,-1,0,0,0,4
1,90876,0.59,-0.06,-0.80,0.11,-2.99,1.19,-0.25,7273,-1903,-2165,-1,-1,0,0,0,0,4
2,90901,0.67,0.05,-0.73,0.14,-1.94,1.42,-0.14,7823,-1067,-511,-1,-1,0,0,0,0,4
3,90997,0.67,-0.51,-0.47,-0.25,1.09,1.11,-0.46,5542,-2768,222,-1,-3,0,0,0,0,4
4,91066,0.73,0.11,-0.67,-0.00,-0.96,1.38,0.17,6884,1174,467,0,-1,-1,0,0,0,4
5,91136,-0.07,-0.50,-0.13,-0.86,3.12,0.99,0.29,797,-13654,-1054,91,-1,0,0,0,0,4
0,91228,0.72,-0.38,-0.57,-0.12,1.09,1.16,-0.41,6856,-2962,443,-1,3,0,0,0,0,4
1,91595,0.62,-0.05,-0.78,0.11,-2.90,1.25,-0.24,7435,-1892,-1607,-1,-2,0,0,0,0,4
2,91622,0.69,0.05,-0.70,0.14,-1.69,1.44,-0.13,7882,-1006,71,-1,-2,0,0,0,0,4
3,91697,0.69,-0.50,-0.45,-0.27,1.08,1.10,-0.45,5528,-2722,596,-1,0,0,0,0,0,4
4,91785,0.76,0.11,-0.64,-0.01,-0.57,1.32,0.18,6776,1232,981,-6,13,-5,0,0,0,4
5,91853,0.57,-0.44,-0.39,-0.57,1.52,1.26,-0.07,528,-13488,-134,91,5,-2,0,0,0,4
0,91947,0.75,-0.37,-0.53,-0.15,1.01,1.13,-0.41,6575,-2980,1389,-2,-1,-1,0,0,0,4
1,92315,0.64,-0.06,-0.76,0.11,-2.87,1.28,-0.24,7523,-1936,-1144,-1,-7,0,0,0,0,4
2,92341,0.71,0.04,-0.69,0.13,-1.48,1.44,-0.12,7881,-1030,400,-2,-6,1,0,0,0,4
3,92435,0.70,-0.49,-0.43,-0.29,1.07,1.10,-0.44,5468,-2630,987,-1,-4,0,0,0,0,-1
4,92506,0.77,0.10,-0.63,-0.02,-0.44,1.31,0.19,6558,1263,1288,0,-2,0,0,0,0,-1
5,92573,0.87,-0.16,-0.47,0.03,0.18,0.93,-0.31,616,-13537,-239,91,-4,0,0,0,0,-1
0,92665,0.74,-0.37,-0.53,-0.15,1.01,1.13,-0.41,6710,-3069,1201,-1,1,-1,0,0,0,-1
1,93033,0.64,-0.06,-0.76,0.11,-2.86,1.28,-0.24,8191,-1967,-658,1,10,0,0,0,0,-1
2,93061,0.72,0.04,-0.68,0.13,-1.36,1.43,-0.12,8968,-972,1761,0,47,-6,0,0,0,-1
3,93133,0.73,-0.45,-0.39,-0.34,1.07,1.07,-0.39,5560,-2233,2810,20,58,-29,0,0,0,-1
4,93225,0.85,0.12,-0.50,-0.05,-0.09,1.02,0.26,4861,1496,2108,-4,39,-10,0,0,0,-1
5,93292,0.85,0.10,-0.22,0.47,-1.07,0.49,-0.04,-1143,-12828,892,91,-2,8,0,0,0,-1
0,93383,0.83,-0.32,-0.42,-0.20,0.81,0.96,-0.38,5484,-2819,3542,-7,7,7,0,0,0,-1
1,93753,0.93,0.02,-0.35,0.12,-0.30,0.72,-0.05,5177,-1495,6283,22,103,21,0,0,0,-1
2,93782,0.96,0.08,-0.21,0.14,-0.34,0.45,0.10,4004,873,7452,8,96,14,0,0,0,-1
3,93853,0.85,-0.11,0.01,-0.52,1.09,0.10,-0.19,-631,-824,7092,19,80,-3,0,0,0,-1
4,93945,0.99,0.05,0.08,-0.07,0.16,-0.17,0.08,-2856,-327,5305,-24,98,-5,0,0,0,-1
5,94011,0.74,0.02,0.48,0.46,-1.41,-0.77,0.50,-8128,-11057,5296,90,15,-2,0,0,0,-1
0,94102,0.91,-0.14,0.24,-0.32,0.64,-0.35,-0.42,-4580,-3401,6473,-24,53,5,0,0,0,-1
1,94472,0.94,0.10,0.28,0.16,-0.30,-0.52,0.28,-4573,2202,7280,5,43,6,0,0,0,-1
2,94501,0.90,0.08,0.40,0.16,-0.34,-0.77,0.28,-6926,2043,5672,-1,25,13,0,0,0,-1
3,94571,0.64,0.32,0.50,-0.48,1.54,-1.26,-0.08,-8977,-429,1117,13,64,-6,0,0,0,-1
4,94666,0.72,-0.01,0.69,-0.02,0.36,-1.50,-0.05,-8048,-387,-123,-9,152,60,0,0,0,-1
5,94731,0.52,0.19,0.77,-0.32,2.11,-1.18,-0.29,-14942,-9636,127,91,32,-19,0,0,0,-1
0,94821,0.65,0.10,0.69,-0.31,1.81,-1.26,-0.31,-9064,-2275,-223,-30,33,-4,0,0,0,-1
1,95211,0.79,0.08,0.60,0.12,-0.34,-1.19,0.26,-7606,2138,2700,3,-18,-14,0,0,0,-1
2,95241,0.72,0.04,0.68,0.10,-1.14,-1.36,0.21,-7444,1487,1148,6,-5,-18,0,0,0,-1
3,95331,0.40,0.42,0.70,-0.43,1.92,-1.14,-0.27,-10270,-2156,-3309,7,3,-20,0,0,0,-1
4,95406,0.52,-0.10,0.84,-0.09,-2.95,-1.04,-0.26,-9010,-2343,-5366,0,-13,3,0,0,0,-1
5,95489,0.04,0.49,0.38,-0.79,2.45,-0.92,-0.59,-15332,-11366,-2578,91,8,-2,0,0,0,-1
0,95559,0.55,0.07,0.77,-0.32,2.25,-1.11,-0.42,-9393,-3553,-2064,-2,-3,-2,0,0,0,-1
1,95950,0.80,0.04,0.58,0.11,-0.42,-1.19,0.19,-7886,1914,2630,-30,14,8,0,0,0,-1
2,95982,0.73,-0.00,0.68,0.10,-1.24,-1.42,0.14,-8301,1155,1481,-26,8,0,0,0,0,-1
3,96069,0.42,0.40,0.71,-0.40,1.92,-1.16,-0.24,-10529,-2290,-3288,0,-4,0,0,0,0,-1
4,96146,0.51,-0.14,0.85,-0.06,-2.78,-1.01,-0.25,-8185,-2439,-4694,0,0,0,0,0,0,-1
5,96228,-0.44,0.57,-0.12,-0.69,-1.54,-1.08,-0.34,-15289,-11404,-3646,91,1,0,0,0,0,-1
0,96297,0.56,0.07,0.78,-0.29,2.29,-1.12,-0.39,-9337,-3605,-2185,0,-5,-1,0,0,0,-1
1,96689,0.81,0.04,0.58,0.11,-0.38,-1.17,0.19,-7880,1688,3008,0,-5,-1,0,0,0,5
2,96721,0.74,0.01,0.67,0.09,-0.99,-1.40,0.14,-8309,1219,995,0,-2,0,0,0,0,5
3,96788,0.43,0.41,0.69,-0.41,1.88,-1.19,-0.22,-10454,-2217,-3270,0,1,-1,0,0,0,5
4,96866,0.51,-0.12,0.85,-0.07,-2.87,-1.00,-0.25,-8228,-2409,-4843,0,1,0,0,0,0,5
5,96948,-0.76,0.35,-0.49,-0.25,-1.06,-1.16,-0.29,-15279,-11418,-3289,91,-5,0,0,0,0,5
0,97036,0.57,0.08,0.76,-0.30,2.22,-1.15,-0.38,-9327,-3622,-1734,-1,1,-1,0,0,0,5
1,97428,0.81,0.04,0.57,0.11,-0.36,-1.16,0.19,-7837,1665,3068,-1,-2,0,0,0,0,5
2,97462,0.74,0.01,0.67,0.09,-0.92,-1.39,0.14,-8303,1226,1064,-1,-2,0,0,0,0,5
3,97527,0.43,0.41,0.69,-0.41,1.87,-1.21,-0.21,-10420,-2239,-3225,-1,0,-1,0,0,0,5
4,97626,0.50,-0.12,0.85,-0.07,-2.86,-1.00,-0.25,-8248,-2409,-4790,-1,0,0,0,0,0,5
5,97707,-0.71,-0.08,-0.60,0.35,1.51,-1.16,-0.30,-15266,-11415,-3296,90,-4,0,0,0,0,5
0,97774,0.57,0.08,0.76,-0.30,2.21,-1.15,-0.37,-9341,-3635,-1779,-1,-1,-1,0,0,0,5
1,98167,0.82,0.04,0.56,0.11,-0.36,-1.15,0.20,-7771,1679,3216,0,0,-1,0,0,0,5
2,98201,0.74,0.01,0.66,0.09,-0.90,-1.38,0.14,-8311,1214,1056,0,0,-1,0,0,0,5
3,98266,0.43,0.42,0.69,-0.41,1.87,-1.21,-0.21,-10424,-2229,-3205,0,1,-1,0,0,0,5
4,98347,0.50,-0.12,0.85,-0.07,-2.86,-1.00,-0.25,-8227,-2415,-4788,0,-1,0,0,0,0,5
5,98425,-0.30,-0.46,-0.40,0.74,2.03,-1.15,-0.31,-15287,-11404,-3244,91,-6,0,0,0,0,5
0,98513,0.57,0.08,0.76,-0.30,2.20,-1.16,-0.37,-9342,-3667,-1765,1,-2,0,0,0,0,5
1,98906,0.82,0.05,0.56,0.11,-0.35,-1.15,0.20,-7741,1682,3220,0,1,-1,0,0,0,5
2,98941,0.74,0.01,0.66,0.09,-0.86,-1.38,0.14,-8313,1222,1093,0,2,-1,0,0,0,5
3,99005,0.43,0.42,0.69,-0.41,1.86,-1.21,-0.20,-10456,-2237,-3246,0,0,-1,0,0,0,5
4,99086,0.50,-0.12,0.85,-0.07,-2.87,-1.00,-0.25,-8246,-2404,-4770,0,-2,0,0,0,0,5
5,99165,0.27,-0.60,0.02,0.75,-1.84,-1.15,-0.31,-15254,-11412,-3183,90,-3,0,0,0,0,5
0,99252,0.57,0.08,0.76,-0.30,2.20,-1.16,-0.37,-9338,-3634,-1795,-1,0,-1,0,0,0,5
1,99645,0.82,0.05,0.56,0.11,-0.35,-1.15,0.20,-7838,1671,3096,0,0,-1,0,0,0,5
2,99681,0.74,0.01,0.66,0.09,-0.85,-1.38,0.14,-8351,1218,1031,-1,-1,0,0,0,0,5
3,99743,0.43,0.42,0.69,-0.41,1.86,-1.21,-0.20,-10446,-2235,-3206,-1,0,-1,0,0,0,5
4,99826,0.50,-0.12,0.85,-0.07,-2.87,-1.00,-0.25,-8258,-2395,-4740,-1,1,-1,0,0,0,5
5,99923,0.71,-0.42,0.43,0.35,-1.16,-1.15,-0.31,-15289,-11400,-3291,91,-3,0,0,0,0,5
0,99990,0.57,0.08,0.76,-0.30,2.21,-1.16,-0.37,-9342,-3638,-1876,-1,-1,0,0,0,0,5
1,100383,0.82,0.05,0.57,0.11,-0.35,-1.15,0.20,-7901,1581,2969,0,2,-1,0,0,0,5
2,100422,0.74,0.01,0.66,0.09,-0.87,-1.38,0.14,-8422,1172,892,0,-1,-1,0,0,0,5
3,100482,0.43,0.42,0.69,-0.41,1.86,-1.21,-0.20,-10427,-2170,-3277,0,-3,-1,0,0,0,5
4,100566,0.51,-0.12,0.85,-0.07,-2.87,-1.00,-0.25,-8230,-2387,-4653,0,-1,-1,0,0,0,5
5,100663,0.76,-0.02,0.60,-0.23,1.08,-1.15,-0.31,-15290,-11417,-3271,91,0,0,0,0,0,5
0,100748,0.57,0.08,0.76,-0.30,2.20,-1.16,-0.37,-9355,-3641,-1839,0,-4,-1,0,0,0,5
1,101123,0.82,0.04,0.56,0.11,-0.35,-1.15,0.19,-7842,1661,3072,-1,-1,0,0,0,0,5
2,101161,0.74,0.01,0.66,0.09,-0.83,-1.38,0.14,-8321,1205,1108,-1,-1,0,0,0,0,5
3,101241,0.43,0.42,0.69,-0.41,1.86,-1.21,-0.20,-10449,-2249,-3219,0,0,-1,0,0,0,5
4,101307,0.50,-0.12,0.85,-0.07,-2.87,-1.00,-0.25,-8250,-2411,-4738,-1,-1,-1,0,0,0,5
5,101401,0.41,0.39,0.46,-0.68,1.94,-1.15,-0.31,-15275,-11428,-3216,90,-3,0,0,0,0,5
0,101487,0.57,0.08,0.76,-0.30,2.20,-1.16,-0.37,-9348,-3651,-1803,-1,-1,-1,0,0,0,5
1,101862,0.82,0.04,0.56,0.11,-0.35,-1.15,0.19,-7814,1657,3100,-1,-1,0,0,0,0,5
2,101902,0.74,0.01,0.66,0.09,-0.84,-1.38,0.14,-8327,1201,1091,-1,-1,0,0,0,0,5
3,101980,0.43,0.42,0.69,-0.41,1.86,-1.21,-0.20,-10451,-2257,-3227,0,0,-1,0,0,0,5
4,102047,0.50,-0.12,0.85,-0.07,-2.87,-1.00,-0.25,-8227,-2417,-4728,-1,-1,-1,0,0,0,5
5,102140,-0.16,0.60,0.07,-0.78,-2.53,-1.15,-0.31,-15273,-11437,-3250,91,-3,0,0,0,0,5
0,102225,0.57,0.08,0.76,-0.30,2.20,-1.16,-0.37,-9352,-3656,-1777,-1,-1,-1,0,0,0,5
1,102600,0.82,0.04,0.56,0.11,-0.35,-1.15,0.19,-7812,1662,3116,0,-1,0,0,0,0,5
2,102622,0.74,0.01,0.66,0.09,-0.84,-1.38,0.14,-8323,1202,1083,-1,-1,-1,0,0,0,5
3,102719,0.43,0.42,0.69,-0.41,1.86,-1.21,-0.20,-10449,-2248,-3224,-1,-1,-1,0,0,0,5
4,102787,0.50,-0.12,0.85,-0.07,-2.87,-1.00,-0.25,-8250,-2405,-4717,-1,-1,0,0,0,0,5
5,102880,-0.65,0.49,-0.35,-0.47,-1.25,-1.15,-0.31,-15275,-11425,-3231,91,-3,0,0,0,0,5
0,102963,0.57,0.08,0.76,-0.30,2.20,-1.16,-0.37,-9335,-3653,-1794,-1,0,-1,0,0,0,5
1,103340,0.82,0.04,0.56,0.11,-0.35,-1.15,0.20,-7832,1669,3109,-1,-1,-1,0,0,0,5
2,103383,0.74,0.01,0.66,0.09,-0.84,-1.38,0.14,-8331,1218,1074,-1,0,0,0,0,0,5
3,103457,0.43,0.42,0.69,-0.41,1.86,-1.21,-0.20,-10438,-2257,-3217,0,0,0,0,0,0,5
4,103527,0.50,-0.12,0.85,-0.07,-2.87,-1.00,-0.25,-8252,-2417,-4723,0,0,-1,0,0,0,5
5,103619,-0.79,0.12,-0.59,0.09,-0.00,-1.15,-0.31,-15274,-11421,-3254,90,-3,0,0,0,0,5
0,103703,0.57,0.08,0.76,-0.30,2.20,-1.16,-0.37,-9347,-3667,-1773,-1,0,-1,0,0,0,5
1,104080,0.82,0.04,0.56,0.11,-0.35,-1.15,0.19,-7804,1656,3128,0,1,-1,0,0,0,5
2,104101,0.74,0.01,0.66,0.09,-0.85,-1.38,0.14,-8333,1211,1055,0,0,-1,0,0,0,5
3,104197,0.43,0.42,0.69,-0.41,1.86,-1.21,-0.20,-10430,-2263,-3211,-1,-1,0,0,0,0,5
4,104266,0.50,-0.12,0.85,-0.07,-2.87,-1.00,-0.25,-8263,-2418,-4713,-1,0,-1,0,0,0,5
5,104357,-0.52,-0.31,-0.52,0.60,1.85,-1.15,-0.31,-15283,-11423,-3241,91,-3,0,0,0,0,5
0,104441,0.57,0.08,0.76,-0.30,2.20,-1.16,-0.37,-9344,-3655,-1799,-1,0,-1,0,0,0,5
1,104818,0.82,0.04,0.56,0.11,-0.36,-1.15,0.20,-7832,1668,3123,0,-1,0,0,0,0,5
2,104842,0.74,0.01,0.66,0.09,-0.85,-1.38,0.14,-8323,1215,1096,0,-1,-1,0,0,0,5
3,104935,0.43,0.42,0.69,-0.41,1.86,-1.21,-0.20,-10443,-2249,-3224,-1,0,-1,0,0,0,5
4,105007,0.50,-0.12,0.85,-0.07,-2.87,-1.00,-0.25,-8251,-2411,-4730,-1,0,-1,0,0,0,5
5,105097,0.02,-0.58,-0.17,0.80,2.68,-1.15,-0.31,-15277,-11419,-3245,91,-3,0,0,0,0,5
0,105180,0.57,0.08,0.76,-0.30,2.20,-1.16,-0.37,-9339,-3660,-1777,0,-1,-1,0,0,0,5
1,105558,0.82,0.04,0.56,0.11,-0.36,-1.15,0.20,-7806,1660,3116,-1,-1,-1,0,0,0,5
2,105581,0.74,0.01,0.66,0.09,-0.85,-1.38,0.14,-8320,1195,1072,-1,-1,-1,0,0,0,5
3,105673,0.43,0.42,0.69,-0.41,1.86,-1.21,-0.20,-10441,-2252,-3233,-1,0,-1,0,0,0,5
4,105747,0.50,-0.12,0.85,-0.07,-2.86,-1.00,-0.25,-8261,-2417,-4725,0,-1,0,0,0,0,5
5,105836,0.56,-0.54,0.26,0.57,-1.35,-1.15,-0.31,-15273,-11424,-3251,90,-3,0,0,0,0,5
0,105918,0.57,0.08,0.76,-0.30,2.20,-1.16,-0.37,-9347,-3652,-1801,-1,-1,0,0,0,0,5
1,106297,0.82,0.04,0.56,0.11,-0.36,-1.15,0.19,-7815,1657,3128,-1,0,0,0,0,0,5
2,106321,0.74,0.01,0.66,0.09,-0.85,-1.38,0.14,-8327,1211,1095,0,0,-1,0,0,0,5
3,106413,0.43,0.42,0.69,-0.41,1.86,-1.21,-0.20,-10439,-2269,-3230,0,-1,0,0,0,0,5
4,106486,0.50,-0.12,0.85,-0.07,-2.86,-1.00,-0.25,-8260,-2426,-4724,-1,0,-1,0,0,0,5
5,106575,0.80,-0.22,0.56,0.04,-0.72,-1.15,-0.31,-15298,-11434,-3271,90,-3,0,0,0,0,5
0,106656,0.57,0.08,0.76,-0.30,2.20,-1.16,-0.37,-9348,-3645,-1783,-1,0,0,0,0,0,5
1,107035,0.82,0.04,0.56,0.11,-0.36,-1.15,0.20,-7822,1659,3098,-1,0,0,0,0,0,5
2,107063,0.74,0.01,0.66,0.09,-0.85,-1.38,0.14,-8330,1215,1079,-1,0,0,0,0,0,5
3,107151,0.43,0.42,0.69,-0.41,1.86,-1.21,-0.20,-10440,-2259,-3227,-1,0,-1,0,0,0,5
4,107227,0.50,-0.12,0.85,-0.07,-2.86,-1.00,-0.25,-8250,-2418,-4722,-1,0,-1,0,0,0,5
5,107315,0.62,0.22,0.56,-0.51,1.74,-1.15,-0.31,-15283,-11429,-3261,91,-3,0,0,0,0,5
0,107395,0.57,0.08,0.76,-0.30,2.20,-1.16,-0.37,-9350,-3648,-1802,-1,-1,-1,0,0,0,5
1,107774,0.82,0.04,0.56,0.11,-0.36,-1.15,0.20,-7811,1664,3117,-1,0,0,0,0,0,5
2,107802,0.74,0.01,0.66,0.09,-0.86,-1.38,0.14,-8317,1198,1078,-1,0,0,0,0,0,5
3,107890,0.43,0.42,0.69,-0.41,1.86,-1.21,-0.20,-10444,-2255,-3224,-1,-1,-1,0,0,0,5
4,107966,0.50,-0.12,0.85,-0.07,-2.86,-1.00,-0.25,-8251,-2414,-4724,-1,0,0,0,0,0,5
5,108054,0.11,0.54,0.27,-0.79,2.27,-1.15,-0.31,-15294,-11425,-3271,91,-3,0,0,0,0,5
0,108133,0.57,0.08,0.76,-0.30,2.20,-1.16,-0.37,-9345,-3659,-1777,-1,0,0,0,0,0,5
1,108513,0.82,0.04,0.56,0.11,-0.37,-1.15,0.20,-7820,1666,3109,-1,0,0,0,0,0,5
2,108542,0.74,0.01,0.66,0.09,-0.86,-1.38,0.14,-8320,1191,1080,0,0,-1,0,0,0,5
3,108628,0.43,0.42,0.69,-0.41,1.86,-1.21,-0.20,-10437,-2270,-3236,0,-1,0,0,0,0,5
4,108707,0.50,-0.12,0.85,-0.07,-2.86,-1.00,-0.25,-8247,-2419,-4724,-1,0,-1,0,0,0,5
5,108792,-0.45,0.58,-0.17,-0.66,-1.47,-1.15,-0.31,-15275,-11430,-3254,91,-3,0,0,0,0,5
0,108871,0.57,0.08,0.76,-0.30,2.20,-1.16,-0.37,-9344,-3647,-1779,-1,0,-1,0,0,0,5
1,109252,0.82,0.04,0.56,0.11,-0.37,-1.15,0.20,-7797,1659,3119,0,-1,0,0,0,0,-1
2,109282,0.74,0.01,0.66,0.09,-0.86,-1.38,0.14,-8335,1222,1093,0,0,-1,0,0,0,-1
3,109368,0.43,0.42,0.69,-0.41,1.86,-1.21,-0.20,-10445,-2247,-3245,-1,0,-1,0,0,0,-1
4,109447,0.50,-0.12,0.85,-0.07,-2.86,-1.00,-0.25,-8239,-2415,-4733,-1,-1,-1,0,0,0,-1
5,109532,-0.78,0.31,-0.52,-0.18,-0.98,-1.15,-0.31,-15286,-11421,-3261,90,-3,0,0,0,0,-1
0,109609,0.57,0.08,0.76,-0.30,2.20,-1.16,-0.37,-9339,-3658,-1782,0,-1,-1,0,0,0,-1
1,109991,0.82,0.04,0.56,0.11,-0.40,-1.15,0.19,-7834,1676,3071,-2,-4,0,0,0,0,-1
2,110022,0.75,0.01,0.66,0.10,-0.89,-1.38,0.14,-8286,1201,1125,-1,-2,0,0,0,0,-1
3,110107,0.44,0.41,0.69,-0.41,1.87,-1.21,-0.21,-10424,-2220,-3185,0,2,0,0,0,0,-1
4,110187,0.51,-0.13,0.85,-0.07,-2.82,-1.01,-0.25,-8417,-2197,-4823,4,-18,1,0,0,0,-1
5,110271,-0.70,-0.11,-0.59,0.40,1.57,-1.14,-0.31,-15013,-11549,-2279,90,7,1,0,0,0,-1
0,110348,0.57,0.07,0.76,-0.29,2.22,-1.16,-0.37,-9529,-3582,-1948,-2,9,-1,0,0,0,-1
1,110730,0.82,-0.00,0.56,0.08,-0.35,-1.19,0.09,-7971,839,3208,-2,4,-20,0,0,0,-1
2,110761,0.76,-0.04,0.65,0.04,-0.70,-1.42,-0.01,-8457,-2,1353,2,2,-21,0,0,0,-1
3,110845,0.39,0.37,0.71,-0.46,2.02,-1.10,-0.37,-10289,-3418,-3206,2,2,-21,0,0,0,-1
4,110927,0.49,-0.19,0.84,-0.15,-2.79,-0.88,-0.46,-7909,-4020,-4597,3,0,-21,0,0,0,-1
5,111009,-0.19,-0.43,-0.39,0.79,2.29,-0.97,-0.48,-15199,-13738,-3593,91,-4,-18,0,0,0,-1
0,111087,0.52,-0.01,0.77,-0.37,2.46,-0.92,-0.62,-8883,-5503,-2042,-3,0,-13,0,0,0,-1
1,111469,0.79,-0.16,0.59,-0.02,-0.47,-1.18,-0.29,-8268,-3271,2451,-4,26,-11,0,0,0,-1
2,111502,0.73,-0.23,0.64,-0.08,-0.82,-1.11,-0.46,-7040,-3896,592,-11,26,-40,0,0,0,-1
3,111584,0.25,0.26,0.78,-0.51,2.42,-0.71,-0.74,-8884,-7240,-3818,13,79,-31,0,0,0,-1
4,111667,0.38,-0.37,0.79,-0.31,-2.48,-0.38,-0.87,-4921,-7558,-5146,-2,27,-40,0,0,0,-1
5,111769,0.49,-0.60,-0.05,0.63,-1.22,-0.78,-0.71,-13070,-16317,-5732,90,4,-24,0,0,0,-1
0,111845,0.37,-0.12,0.83,-0.39,3.02,-0.55,-0.83,-6981,-8062,-4059,-12,5,-29,0,0,0,-1
1,112228,0.66,-0.35,0.62,-0.22,-0.85,-0.74,-0.83,-6159,-6188,115,-9,17,-39,0,0,0,-1
2,112262,0.62,-0.46,0.56,-0.30,-0.65,-0.42,-1.14,-3981,-7429,-256,5,-2,-14,0,0,0,-1
3,112343,0.13,0.09,0.77,-0.61,2.83,-0.33,-1.18,-5266,-9697,-2964,11,-3,-10,0,0,0,-1
4,112428,0.23,-0.34,0.85,-0.33,-2.56,-0.17,-0.80,-2269,-7407,-6621,-1,29,16,0,0,0,-1
5,112508,0.78,-0.46,0.33,0.26,-0.84,-0.86,-0.57,-11496,-16462,-6817,91,-5,-1,0,0,0,-1
0,112604,0.21,-0.25,0.86,-0.40,-2.82,-0.16,-0.90,-3404,-9301,-6222,-2,-5,-18,0,0,0,-1
1,112988,0.68,-0.41,0.55,-0.27,-0.32,-0.55,-1.01,-3572,-5561,2,-9,-11,-16,0,0,0,-1
2,113022,0.67,-0.49,0.47,-0.31,-0.10,-0.33,-1.23,-2318,-7666,1122,4,1,0,0,0,0,-1
3,113101,0.18,0.05,0.73,-0.66,2.82,-0.34,-1.23,-4259,-10244,-1405,4,-3,4,0,0,0,-1
4,113186,0.28,-0.30,0.83,-0.36,-2.71,-0.25,-0.89,-2938,-7752,-5932,8,-8,6,0,0,0,-1
5,113266,0.82,-0.15,0.51,-0.21,0.45,-0.89,-0.48,-11992,-16462,-5983,91,-10,2,0,0,0,-1
0,113342,0.26,-0.25,0.83,-0.43,-2.88,-0.22,-0.99,-3384,-9775,-5537,0,-1,0,0,0,0,-1
1,113727,0.68,-0.38,0.56,-0.29,-0.11,-0.57,-0.99,-4575,-6938,966,-4,1,2,0,0,0,-1
2,113763,0.67,-0.46,0.48,-0.33,0.00,-0.33,-1.22,-2792,-7640,861,-3,-1,-1,0,0,0,-1
3,113841,0.18,0.08,0.73,-0.65,2.77,-0.38,-1.18,-4509,-10018,-1206,1,-8,0,0,0,0,-1
4,113927,0.31,-0.27,0.83,-0.38,-2.83,-0.31,-0.93,-3181,-7940,-5277,3,-11,6,0,0,0,-1
5,114006,0.54,0.18,0.50,-0.65,1.94,-0.89,-0.47,-12309,-16462,-5369,91,-14,5,0,0,0,-1
0,114080,0.26,-0.25,0.84,-0.39,-2.84,-0.25,-0.92,-3371,-9601,-5858,-515,0,0,0,0,0,-1
1,114465,0.69,-0.39,0.55,-0.27,-0.24,-0.58,-0.98,-4635,-6895,755,-1,-3,-3,0,0,0,-1
2,114502,0.68,-0.48,0.46,-0.31,-0.05,-0.33,-1.22,-2716,-7767,999,0,0,-2,0,0,0,-1
3,114580,0.21,0.07,0.73,-0.64,2.75,-0.41,-1.15,-4565,-10052,-1105,-1,-1,0,0,0,0,-1
4,114667,0.32,-0.27,0.83,-0.37,-2.83,-0.34,-0.90,-3410,-7869,-5230,-2,2,-1,0,0,0,-1
5,114745,0.05,0.46,0.30,-0.83,2.56,-0.93,-0.47,-12458,-16462,-5423,91,-3,0,0,0,0,-1
0,114839,0.28,-0.25,0.84,-0.40,-2.86,-0.26,-0.94,-3256,-9638,-5900,0,-1,0,0,0,0,-1
1,115204,0.69,-0.39,0.55,-0.27,-0.25,-0.58,-0.98,-4582,-6915,766,0,-1,0,0,0,0,-1
2,115241,0.67,-0.48,0.47,-0.31,-0.07,-0.33,-1.22,-2715,-7758,843,-1,0,-1,0,0,0,6
3,115317,0.20,0.08,0.74,-0.64,2.75,-0.41,-1.14,-4537,-10065,-1226,-2,0,-1,0,0,0,6
4,115407,0.31,-0.27,0.83,-0.37,-2.82,-0.33,-0.89,-3338,-7861,-5389,0,-1,0,0,0,0,6
5,115484,-0.46,0.56,-0.03,-0.69,-1.50,-0.92,-0.49,-12429,-16462,-5491,91,-3,0,0,0,0,6
0,115577,0.28,-0.25,0.83,-0.40,-2.88,-0.27,-0.95,-3232,-9641,-5855,0,-1,-1,0,0,0,6
1,115943,0.69,-0.39,0.55,-0.27,-0.26,-0.58,-0.98,-4581,-6919,725,-1,0,0,0,0,0,6
2,115982,0.67,-0.48,0.47,-0.31,-0.08,-0.33,-1.22,-2729,-7766,797,0,-1,-1,0,0,0,6
3,116057,0.21,0.08,0.74,-0.63,2.75,-0.42,-1.14,-4548,-10050,-1234,-1,0,0,0,0,0,6
4,116147,0.31,-0.27,0.83,-0.37,-2.83,-0.33,-0.89,-3353,-7859,-5387,-1,0,-1,0,0,0,6
5,116224,-0.79,0.43,-0.35,-0.28,-0.89,-0.91,-0.50,-12433,-16462,-5508,91,-3,0,0,0,0,6
0,116316,0.29,-0.25,0.83,-0.41,-2.89,-0.28,-0.96,-3233,-9650,-5875,1,-1,-1,0,0,0,6
1,116682,0.69,-0.39,0.55,-0.27,-0.25,-0.58,-0.98,-4573,-6919,761,0,-1,-1,0,0,0,6
2,116722,0.67,-0.48,0.47,-0.31,-0.08,-0.33,-1.22,-2713,-7752,834,-1,0,0,0,0,0,6
3,116796,0.21,0.08,0.74,-0.63,2.74,-0.42,-1.14,-4547,-10067,-1241,-1,0,-1,0,0,0,6
4,116887,0.31,-0.27,0.83,-0.37,-2.83,-0.34,-0.89,-3351,-7857,-5382,0,-1,0,0,0,0,6
5,116963,-0.80,0.13,-0.53,0.24,0.66,-0.91,-0.49,-12438,-16462,-5478,90,-3,0,0,0,0,6
0,117054,0.29,-0.25,0.83,-0.41,-2.88,-0.28,-0.96,-3214,-9659,-5848,-1,-2,-2,0,0,0,6
1,117422,0.69,-0.39,0.55,-0.26,-0.27,-0.58,-0.98,-4582,-6900,742,-1,0,0,0,0,0,6
2,117463,0.67,-0.48,0.47,-0.31,-0.09,-0.33,-1.22,-2708,-7768,807,-1,0,-1,0,0,0,6
3,117534,0.21,0.08,0.74,-0.63,2.74,-0.42,-1.14,-4537,-10078,-1257,0,-1,0,0,0,0,6
4,117607,0.32,-0.27,0.83,-0.37,-2.83,-0.34,-0.89,-3371,-7865,-5354,0,-1,0,0,0,0,6
5,117702,-0.50,-0.21,-0.51,0.67,2.00,-0.91,-0.49,-12470,-16462,-5410,91,-3,0,0,0,0,6
0,117792,0.29,-0.25,0.83,-0.41,-2.88,-0.28,-0.96,-3213,-9651,-5866,0,-1,0,0,0,0,6
1,118161,0.69,-0.39,0.55,-0.26,-0.26,-0.58,-0.98,-4571,-6903,766,0,-1,-1,0,0,0,6
2,118202,0.67,-0.48,0.47,-0.31,-0.09,-0.33,-1.22,-2695,-7744,820,-1,0,-1,0,0,0,6
3,118274,0.21,0.08,0.74,-0.63,2.74,-0.42,-1.14,-4534,-10077,-1232,-1,0,-1,0,0,0,6
4,118367,0.32,-0.27,0.83,-0.37,-2.83,-0.34,-0.89,-3377,-7865,-5351,0,-1,0,0,0,0,6
5,118440,-0.01,-0.47,-0.28,0.83,2.68,-0.91,-0.49,-12479,-16462,-5387,91,-4,0,0,0,0,6
0,118532,0.29,-0.25,0.83,-0.41,-2.89,-0.28,-0.97,-3227,-9659,-5847,0,-1,0,0,0,0,6
1,118899,0.69,-0.39,0.55,-0.26,-0.26,-0.58,-0.98,-4586,-6920,747,-1,0,0,0,0,0,6
2,118942,0.67,-0.48,0.47,-0.31,-0.09,-0.33,-1.22,-2701,-7775,807,-1,0,-1,0,0,0,6
3,119013,0.21,0.08,0.74,-0.63,2.74,-0.42,-1.14,-4539,-10074,-1238,0,-1,0,0,0,0,6
4,119088,0.32,-0.27,0.83,-0.37,-2.83,-0.34,-0.89,-3406,-7860,-5320,0,-1,0,0,0,0,6
5,119179,0.49,-0.55,0.05,0.67,-1.45,-0.91,-0.49,-12482,-16462,-5374,91,-3,0,0,0,0,6
0,119270,0.29,-0.25,0.83,-0.41,-2.89,-0.28,-0.97,-3233,-9654,-5875,0,-1,-1,0,0,0,6
1,119639,0.69,-0.39,0.55,-0.26,-0.25,-0.58,-0.98,-4582,-6912,783,-1,0,0,0,0,0,6
2,119662,0.67,-0.48,0.47,-0.31,-0.09,-0.33,-1.22,-2706,-7765,820,-1,0,0,0,0,0,6
3,119751,0.21,0.08,0.74,-0.63,2.74,-0.42,-1.14,-4541,-10067,-1224,0,-1,-1,0,0,0,6
4,119828,0.32,-0.27,0.83,-0.37,-2.83,-0.34,-0.89,-3403,-7853,-5345,0,-1,0,0,0,0,6
5,119918,0.80,-0.41,0.37,0.25,-0.86,-0.91,-0.49,-12496,-16462,-5386,91,-3,0,0,0,0,6
0,120008,0.29,-0.25,0.83,-0.41,-2.89,-0.28,-0.97,-3233,-9665,-5872,-1,-1,-1,0,0,0,6
1,120377,0.69,-0.39,0.55,-0.26,-0.25,-0.58,-0.98,-4584,-6908,782,-1,0,0,0,0,0,6
2,120402,0.67,-0.48,0.47,-0.31,-0.09,-0.33,-1.22,-2706,-7761,816,-1,0,0,0,0,0,6
3,120489,0.21,0.08,0.74,-0.63,2.74,-0.42,-1.14,-4533,-10082,-1244,-1,-1,-1,0,0,0,6
4,120567,0.32,-0.27,0.83,-0.37,-2.83,-0.34,-0.89,-3396,-7863,-5351,0,-1,0,0,0,0,6
5,120657,0.79,-0.11,0.54,-0.28,0.89,-0.91,-0.49,-12490,-16462,-5392,90,-3,0,0,0,0,6
0,120745,0.29,-0.25,0.83,-0.41,-2.89,-0.28,-0.97,-3235,-9676,-5846,-1,-1,0,0,0,0,6
1,121116,0.69,-0.39,0.55,-0.26,-0.25,-0.58,-0.98,-4573,-6915,801,-1,0,-1,0,0,0,6
2,121143,0.67,-0.48,0.47,-0.31,-0.08,-0.33,-1.22,-2694,-7755,818,-1,0,-1,0,0,0,6
3,121229,0.21,0.08,0.74,-0.63,2.74,-0.42,-1.14,-4550,-10073,-1238,-1,0,-1,0,0,0,6
4,121307,0.32,-0.27,0.83,-0.37,-2.83,-0.34,-0.89,-3401,-7871,-5332,0,-1,0,0,0,0,6
5,121397,0.47,0.24,0.50,-0.69,2.05,-0.91,-0.49,-12488,-16462,-5375,91,-3,0,0,0,0,6
0,121485,0.29,-0.25,0.83,-0.41,-2.89,-0.28,-0.97,-3229,-9670,-5831,0,-1,-1,0,0,0,6
1,121856,0.69,-0.39,0.55,-0.26,-0.24,-0.58,-0.98,-4587,-6914,789,0,-1,-1,0,0,0,6
2,121883,0.67,-0.48,0.47,-0.31,-0.08,-0.33,-1.22,-2703,-7772,831,0,0,-1,0,0,0,6
3,121967,0.21,0.08,0.74,-0.63,2.74,-0.42,-1.14,-4532,-10072,-1234,-1,-1,-1,0,0,0,6
4,122047,0.32,-0.27,0.83,-0.37,-2.83,-0.34,-0.89,-3415,-7868,-5329,0,-1,0,0,0,0,6
5,122136,-0.04,0.49,0.26,-0.83,2.79,-0.91,-0.49,-12493,-16462,-5353,91,-3,0,0,0,0,6
0,122223,0.29,-0.25,0.83,-0.41,-2.89,-0.28,-0.97,-3236,-9702,-5820,-1,0,-1,0,0,0,6
1,122595,0.69,-0.39,0.55,-0.26,-0.25,-0.58,-0.98,-4576,-6921,802,-1,0,0,0,0,0,6
2,122624,0.67,-0.48,0.47,-0.31,-0.09,-0.33,-1.22,-2709,-7774,814,-1,0,0,0,0,0,6
3,122706,0.21,0.08,0.74,-0.63,2.74,-0.42,-1.13,-4532,-10055,-1223,0,-1,0,0,0,0,6
4,122787,0.32,-0.27,0.83,-0.37,-2.83,-0.34,-0.89,-3409,-7862,-5348,0,-1,0,0,0,0,6
5,122875,-0.53,0.54,-0.08,-0.65,-1.38,-0.91,-0.49,-12496,-16462,-5369,90,-3,0,0,0,0,6
0,122961,0.29,-0.25,0.83,-0.41,-2.89,-0.28,-0.97,-3231,-9667,-5848,-1,0,0,0,0,0,6
1,123334,0.69,-0.39,0.55,-0.26,-0.25,-0.58,-0.98,-4572,-6911,794,0,-1,-1,0,0,0,6
2,123362,0.67,-0.48,0.47,-0.31,-0.08,-0.33,-1.22,-2704,-7762,810,-1,0,0,0,0,0,6
3,123446,0.21,0.08,0.74,-0.63,2.74,-0.42,-1.13,-4542,-10062,-1225,-1,-1,-1,0,0,0,6
4,123528,0.32,-0.27,0.83,-0.37,-2.83,-0.34,-0.89,-3399,-7864,-5350,-1,0,-1,0,0,0,6
5,123614,-0.81,0.39,-0.39,-0.21,-0.81,-0.91,-0.49,-12488,-16462,-5382,91,-3,0,0,0,0,6
0,123701,0.29,-0.25,0.83,-0.41,-2.89,-0.28,-0.97,-3227,-9669,-5847,0,-1,0,0,0,0,6
1,124093,0.69,-0.39,0.55,-0.26,-0.25,-0.58,-0.98,-4584,-6920,773,0,-1,0,0,0,0,6
2,124123,0.67,-0.48,0.47,-0.31,-0.09,-0.33,-1.22,-2700,-7774,798,0,-1,0,0,0,0,6
3,124204,0.21,0.08,0.74,-0.63,2.74,-0.42,-1.13,-4529,-10069,-1260,-1,0,-1,0,0,0,6
4,124288,0.32,-0.27,0.83,-0.37,-2.83,-0.34,-0.89,-3386,-7869,-5339,0,-1,0,0,0,0,6
5,124374,-0.77,0.07,-0.55,0.33,1.16,-0.91,-0.49,-12493,-16462,-5359,91,-3,0,0,0,0,6
0,124459,0.29,-0.25,0.83,-0.41,-2.89,-0.28,-0.97,-3224,-9658,-5865,-1,0,-1,0,0,0,6
1,124831,0.69,-0.39,0.55,-0.26,-0.24,-0.58,-0.98,-4566,-6905,833,-1,0,0,0,0,0,6
2,124863,0.67,-0.48,0.47,-0.31,-0.08,-0.33,-1.22,-2692,-7764,836,-1,0,0,0,0,0,6
3,124943,0.21,0.08,0.74,-0.63,2.74,-0.42,-1.14,-4566,-10075,-1226,-1,0,-1,0,0,0,6
4,125027,0.32,-0.26,0.83,-0.37,-2.84,-0.35,-0.89,-3416,-7869,-5336,0,-1,0,0,0,0,6
5,125112,-0.42,-0.27,-0.48,0.72,2.10,-0.91,-0.49,-12497,-16462,-5379,91,-3,0,0,0,0,6
0,125197,0.29,-0.25,0.83,-0.41,-2.89,-0.28,-0.97,-3223,-9683,-5828,-1,0,0,0,0,0,6
1,125571,0.69,-0.39,0.55,-0.26,-0.24,-0.58,-0.98,-4573,-6915,806,-1,0,0,0,0,0,6
2,125603,0.67,-0.48,0.47,-0.31,-0.08,-0.33,-1.22,-2686,-7765,819,-1,0,0,0,0,0,6
3,125681,0.21,0.08,0.74,-0.63,2.74,-0.42,-1.13,-4528,-10063,-1221,-1,0,0,0,0,0,6
4,125767,0.32,-0.27,0.83,-0.37,-2.83,-0.34,-0.89,-3391,-7864,-5351,-1,0,0,0,0,0,6
5,125851,0.10,-0.50,-0.23,0.83,3.00,-0.91,-0.49,-12473,-16462,-5399,90,-3,0,0,0,0,6
0,125936,0.29,-0.25,0.83,-0.41,-2.89,-0.28,-0.97,-3222,-9691,-5809,0,-1,0,0,0,0,6
1,126310,0.69,-0.39,0.55,-0.26,-0.23,-0.58,-0.98,-4579,-6926,798,0,-1,-1,0,0,0,6
2,126343,0.67,-0.48,0.47,-0.31,-0.08,-0.33,-1.22,-2691,-7766,806,0,-1,-1,0,0,0,6
3,126420,0.21,0.08,0.74,-0.63,2.74,-0.42,-1.13,-4520,-10075,-1216,0,-1,0,0,0,0,6
4,126508,0.32,-0.26,0.83,-0.37,-2.84,-0.35,-0.89,-3443,-7869,-5283,-1,0,-1,0,0,0,6
5,126589,0.57,-0.54,0.12,0.61,-1.30,-0.91,-0.49,-12498,-16462,-5373,91,-3,0,0,0,0,6
0,126674,0.29,-0.25,0.83,-0.41,-2.89,-0.28,-0.97,-3240,-9701,-5794,-1,0,-1,0,0,0,6
1,127049,0.69,-0.39,0.55,-0.27,-0.22,-0.58,-0.98,-4571,-6927,822,0,-1,-1,0,0,0,6
2,127083,0.67,-0.48,0.47,-0.32,-0.07,-0.33,-1.22,-2685,-7767,831,0,-1,-1,0,0,0,6
3,127160,0.21,0.08,0.74,-0.63,2.74,-0.42,-1.13,-4534,-10085,-1219,0,-1,-1,0,0,0,6
4,127248,0.32,-0.26,0.83,-0.37,-2.85,-0.35,-0.90,-3472,-7872,-5267,-1,-1,0,0,0,0,6
5,127329,0.82,-0.36,0.42,0.15,-0.73,-0.91,-0.49,-12466,-16462,-5376,91,-3,0,0,0,0,6
0,127412,0.29,-0.25,0.83,-0.41,-2.90,-0.28,-0.97,-3232,-9705,-5783,0,-1,-1,0,0,0,6
1,127788,0.69,-0.39,0.55,-0.27,-0.20,-0.58,-0.98,-4574,-6942,814,1,-1,-1,0,0,0,6
2,127822,0.67,-0.48,0.47,-0.32,-0.06,-0.33,-1.22,-2676,-7775,826,1,-1,-1,0,0,0,6
3,127897,0.21,0.08,0.74,-0.64,2.74,-0.42,-1.14,-4526,-10067,-1173,0,-1,0,0,0,0,6
4,127988,0.33,-0.26,0.83,-0.37,-2.86,-0.36,-0.90,-3575,-7872,-5165,-1,0,0,0,0,0,6
5,128068,0.74,-0.04,0.55,-0.37,1.36,-0.91,-0.49,-12426,-16462,-5423,91,-2,-1,0,0,0,6
0,128151,0.30,-0.25,0.83,-0.41,-2.91,-0.29,-0.97,-3309,-9671,-5808,0,-2,0,0,0,0,6
1,128527,0.70,-0.38,0.54,-0.26,-0.17,-0.59,-0.97,-4609,-6943,968,0,-1,1,0,0,0,6
2,128563,0.68,-0.47,0.47,-0.32,-0.04,-0.34,-1.21,-2742,-7791,909,0,-1,1,0,0,0,6
3,128636,0.22,0.08,0.74,-0.63,2.73,-0.43,-1.12,-4616,-10053,-1141,-2,-2,1,0,0,0,6
4,128728,0.34,-0.26,0.82,-0.37,-2.86,-0.37,-0.91,-3671,-7913,-4993,2,-2,-3,0,0,0,6
5,128807,0.39,0.28,0.46,-0.75,2.15,-0.89,-0.49,-12421,-16462,-5062,91,-6,0,0,0,0,6
0,128889,0.30,-0.25,0.82,-0.41,-2.90,-0.30,-0.97,-3369,-9757,-5632,0,0,0,0,0,0,6
1,129265,0.70,-0.38,0.54,-0.27,-0.16,-0.59,-0.97,-4536,-6859,1065,0,2,-3,0,0,0,6
2,129303,0.67,-0.47,0.47,-0.32,-0.02,-0.33,-1.22,-2629,-7810,987,-3,5,-2,0,0,0,6
3,129376,0.21,0.08,0.74,-0.63,2.74,-0.42,-1.14,-4565,-10058,-1135,-2,5,-2,0,0,0,6
4,129468,0.31,-0.26,0.84,-0.36,-2.84,-0.34,-0.89,-3459,-7859,-5381,-4,3,-1,0,0,0,6
5,129547,-0.15,0.54,0.20,-0.81,-3.08,-0.94,-0.49,-12210,-16462,-5790,91,2,-1,0,0,0,6
0,129628,0.29,-0.25,0.83,-0.41,-2.91,-0.28,-0.97,-3377,-9659,-5781,-2,-1,0,0,0,0,6
1,130004,0.69,-0.38,0.55,-0.27,-0.21,-0.59,-0.97,-4659,-6843,677,0,0,-1,0,0,0,6
2,130042,0.66,-0.48,0.48,-0.33,-0.09,-0.33,-1.23,-2694,-7750,652,0,-1,-2,0,0,0,6
3,130114,0.20,0.09,0.75,-0.63,2.75,-0.41,-1.14,-4528,-10040,-1334,0,2,-1,0,0,0,6
4,130208,0.30,-0.25,0.84,-0.36,-2.85,-0.34,-0.87,-3409,-7774,-5522,-3,7,4,0,0,0,6
5,130286,-0.61,0.54,-0.15,-0.55,-1.18,-0.90,-0.53,-12109,-16462,-5985,91,-8,-1,0,0,0,6
0,130367,0.29,-0.24,0.83,-0.41,-2.93,-0.29,-0.97,-3330,-9709,-5874,2,-2,5,0,0,0,6
1,130744,0.69,-0.35,0.58,-0.25,-0.32,-0.68,-0.88,-5488,-6570,842,-6,14,27,0,0,0,6
2,130783,0.65,-0.44,0.55,-0.30,-0.41,-0.46,-1.11,-4039,-7716,55,-10,19,32,0,0,0,6
3,130853,0.21,0.16,0.79,-0.56,2.63,-0.53,-0.95,-5673,-9527,-2565,-26,23,34,0,0,0,6
4,130948,0.27,-0.26,0.87,-0.33,-2.77,-0.31,-0.79,-3036,-7413,-6221,-33,26,14,0,0,0,6
5,131024,-0.78,0.34,-0.52,-0.06,-0.78,-1.02,-0.49,-11964,-16462,-7702,91,40,24,0,0,0,6
0,131125,0.38,-0.09,0.86,-0.34,2.99,-0.63,-0.70,-5854,-8153,-5458,-9,15,43,0,0,0,6
1,131503,0.60,-0.14,0.78,-0.09,-2.70,-1.15,-0.32,-6321,-2599,-2079,-4,20,21,0,0,0,6
2,131543,0.50,-0.20,0.84,-0.10,-2.62,-0.92,-0.38,-6595,-2904,-3838,-14,19,21,0,0,0,6
3,131633,0.16,0.39,0.85,-0.32,2.26,-0.55,-0.43,-6912,-6167,-6339,20,32,14,0,0,0,6
4,131708,0.11,-0.16,0.97,-0.13,-2.84,-0.17,-0.30,-1901,-4577,-8967,-14,12,12,0,0,0,6
5,131784,-0.53,-0.08,-0.68,0.51,2.17,-0.91,-0.66,-10457,-15301,-11688,91,-19,7,0,0,0,6
0,131883,0.33,0.06,0.90,-0.28,2.77,-0.69,-0.47,-5299,-5761,-6723,6,-17,-35,0,0,0,6
1,132261,0.65,-0.15,0.73,-0.15,-2.94,-1.13,-0.43,-7377,-3872,-1071,57,-37,-6,0,0,0,6
2,132303,0.58,-0.20,0.77,-0.19,-2.83,-0.95,-0.55,-4966,-3811,-4825,34,-24,-9,0,0,0,6
3,132390,0.15,0.36,0.79,-0.48,2.35,-0.61,-0.71,-5939,-6008,-7653,-13,6,-13,0,0,0,6
4,132468,0.20,-0.17,0.93,-0.26,-2.89,-0.28,-0.58,-3331,-5138,-8728,-24,13,-16,0,0,0,6
5,132562,-0.19,-0.33,-0.46,0.80,2.44,-0.78,-0.67,-11889,-16121,-8577,91,0,5,0,0,0,6
0,132642,0.33,-0.00,0.87,-0.36,2.84,-0.62,-0.69,-6419,-7492,-5832,1,-3,1,0,0,0,6
1,133021,0.64,-0.16,0.74,-0.13,-2.68,-1.13,-0.42,-7495,-3181,-1019,-4,-2,-2,0,0,0,-1
2,133063,0.55,-0.22,0.79,-0.16,-2.61,-0.92,-0.52,-6648,-4005,-2872,-2,-1,-3,0,0,0,-1
3,133149,0.16,0.34,0.81,-0.45,2.36,-0.61,-0.66,-6527,-7168,-6232,-6,1,3,0,0,0,-1
4,133228,0.20,-0.19,0.93,-0.23,-2.84,-0.29,-0.52,-3036,-5403,-8333,-8,6,-1,0,0,0,-1
5,133301,0.27,-0.54,-0.18,0.78,-2.45,-0.85,-0.60,-10888,-15744,-9282,90,3,3,0,0,0,-1
0,133400,0.33,-0.00,0.88,-0.35,2.86,-0.62,-0.66,-6404,-7065,-6191,3,-1,3,0,0,0,-1
1,133779,0.61,-0.13,0.77,-0.11,-2.86,-1.15,-0.34,-7331,-2764,-1904,-3,7,5,0,0,0,-1
2,133823,0.51,-0.19,0.83,-0.13,-2.73,-0.93,-0.42,-6351,-3450,-3606,-6,12,6,0,0,0,-1
3,133889,0.14,0.39,0.82,-0.40,2.30,-0.57,-0.57,-6435,-6520,-6949,-7,13,3,0,0,0,-1
4,133988,0.13,-0.17,0.96,-0.19,-2.85,-0.20,-0.41,-2475,-4336,-9290,-7,8,3,0,0,0,-1
5,134061,0.66,-0.58,0.22,0.42,-0.98,-0.89,-0.62,-9468,-14947,-9929,91,9,0,0,0,0,-1
0,134138,0.28,0.06,0.90,-0.32,2.81,-0.57,-0.58,-5832,-6447,-6689,-4,16,-5,0,0,0,-1
1,134518,0.53,-0.07,0.84,-0.08,-3.06,-1.08,-0.21,-6998,-1631,-3463,6,15,8,0,0,0,-1
2,134562,0.42,-0.13,0.89,-0.09,-2.90,-0.82,-0.27,-5851,-2292,-5632,8,5,1,0,0,0,-1
3,134627,0.03,0.48,0.84,-0.26,2.15,-0.30,-0.43,-3526,-5307,-8740,4,4,2,0,0,0,-1
4,134708,0.05,-0.13,0.98,-0.17,-2.90,-0.05,-0.35,-1168,-3978,-9068,8,20,-1,0,0,0,-1
5,134800,0.76,-0.35,0.53,-0.10,-0.50,-0.84,-0.70,-8452,-15028,-10784,90,12,3,0,0,0,-1
0,134877,0.18,0.16,0.92,-0.31,2.72,-0.43,-0.54,-5053,-5801,-8043,-2,9,13,0,0,0,-1
1,135258,0.45,-0.02,0.89,-0.10,3.05,-0.92,-0.19,-5968,-1183,-4086,-5,15,10,0,0,0,-1
2,135303,0.31,-0.08,0.94,-0.11,-3.04,-0.60,-0.26,-4299,-2060,-5447,6,54,9,0,0,0,-1
3,135387,0.02,0.53,0.83,-0.16,2.03,-0.21,-0.24,-2484,-3746,-9385,-11,1,-5,0,0,0,-1
4,135469,-0.02,-0.07,0.99,-0.12,-2.99,0.05,-0.23,33,-3666,-9772,-26,1,14,0,0,0,-1
5,135539,0.53,0.04,0.64,-0.55,2.17,-0.82,-0.72,-5939,-14769,-10331,91,-5,21,0,0,0,-1
0,135616,0.06,0.28,0.93,-0.25,2.56,-0.25,-0.44,-2742,-5344,-9305,-10,-12,6,0,0,0,-1
1,136017,0.11,0.06,0.98,-0.16,2.99,-0.24,-0.30,-2090,-2781,-7885,18,32,-18,0,0,0,-1
2,136064,-0.06,-0.03,0.99,-0.15,-3.06,0.13,-0.31,963,-2731,-7325,46,20,-24,0,0,0,-1
3,136144,-0.28,0.59,0.75,-0.13,1.76,0.27,-0.55,1655,-5218,-7541,11,17,0,0,0,0,-1
4,136209,-0.32,-0.01,0.93,-0.18,-2.98,0.63,-0.33,4683,-3087,-7933,-11,17,4,0,0,0,-1
5,136298,-0.04,0.39,0.49,-0.78,2.69,-0.61,-0.92,-3229,-15540,-8532,91,8,-9,0,0,0,-1
0,136374,-0.20,0.33,0.90,-0.19,2.50,0.24,-0.51,2240,-5223,-8559,-5,10,-5,0,0,0,-1
1,136756,0.06,0.07,0.98,-0.18,2.98,-0.15,-0.36,-1400,-3021,-7029,-2,-12,9,0,0,0,-1
2,136783,-0.09,-0.01,0.98,-0.17,-3.09,0.18,-0.33,1298,-2914,-7096,-3,-14,5,0,0,0,-1
3,136884,-0.24,0.63,0.73,-0.14,1.69,0.17,-0.54,878,-5623,-7652,-16,-16,24,0,0,0,-1
4,136948,-0.26,0.02,0.96,-0.13,-3.11,0.52,-0.26,4331,-2662,-7889,-24,-18,-2,0,0,0,-1
5,137037,-0.36,0.34,0.26,-0.83,-2.46,-0.40,-0.74,-3709,-14368,-9726,91,-30,-19,0,0,0,-1
0,137133,-0.09,0.37,0.91,-0.18,2.41,0.03,-0.39,812,-4089,-9788,-16,-12,7,0,0,0,-1
1,137515,0.09,0.11,0.99,-0.02,2.92,-0.18,-0.03,-936,-396,-7559,-3,-19,3,0,0,0,-1
2,137543,0.04,0.00,1.00,-0.05,3.13,-0.08,-0.10,-645,-979,-7853,-2,-9,0,0,0,0,-1
3,137622,-0.07,0.60,0.80,-0.05,1.85,0.05,-0.18,377,-2126,-8942,-9,-17,-5,0,0,0,-1
4,137708,-0.09,-0.02,0.99,-0.04,-3.09,0.18,-0.07,2116,-938,-9721,0,-10,0,0,0,0,-1
5,137796,-0.53,0.27,0.01,-0.80,-1.89,-0.44,-0.30,-5783,-12560,-10793,91,-4,0,0,0,0,-1
0,137871,-0.04,0.35,0.92,-0.18,2.45,-0.06,-0.37,-531,-3811,-9235,0,-2,-6,0,0,0,-1
1,138254,0.12,0.10,0.99,-0.03,2.93,-0.25,-0.03,-1941,-177,-7474,-1,0,-1,0,0,0,-1
2,138284,0.05,-0.01,1.00,-0.05,-3.13,-0.11,-0.10,-848,-772,-7824,-1,0,-1,0,0,0,-1
3,138361,-0.07,0.59,0.80,-0.07,1.87,0.03,-0.20,149,-1980,-9071,-1,0,-1,0,0,0,-1
4,138448,-0.11,-0.03,0.99,-0.05,-3.08,0.22,-0.09,2232,-1009,-9570,0,0,-1,0,0,0,-1
5,138535,-0.75,0.27,-0.45,-0.40,-1.26,-1.10,-0.05,-5820,-12580,-10772,91,-3,0,0,0,0,-1
0,138608,-0.04,0.34,0.92,-0.19,2.46,-0.05,-0.38,-527,-3833,-9277,0,1,0,0,0,0,-1
1,138993,0.12,0.10,0.99,-0.02,2.93,-0.24,-0.02,-1876,-164,-7487,0,2,0,0,0,0,7
2,139024,0.05,-0.01,1.00,-0.05,-3.13,-0.10,-0.10,-802,-774,-7846,0,-1,0,0,0,0,7
3,139100,-0.07,0.59,0.80,-0.08,1.87,0.02,-0.21,175,-1994,-9041,-2,-2,-1,0,0,0,7
4,139188,-0.11,-0.03,0.99,-0.05,-3.08,0.23,-0.10,2275,-1009,-9559,-1,-1,0,0,0,0,7
5,139275,-0.66,0.03,-0.68,0.32,1.91,-1.07,-0.50,-5812,-12576,-10782,91,-3,0,0,0,0,7
0,139347,-0.04,0.34,0.92,-0.19,2.46,-0.05,-0.39,-525,-3843,-9248,-1,0,0,0,0,0,7
1,139731,0.12,0.10,0.99,-0.02,2.93,-0.25,-0.02,-1889,-171,-7487,0,0,-1,0,0,0,7
2,139763,0.05,-0.01,1.00,-0.05,-3.14,-0.11,-0.10,-837,-760,-7836,0,0,0,0,0,0,7
3,139839,-0.07,0.59,0.80,-0.08,1.87,0.02,-0.21,159,-1981,-9047,-1,-1,0,0,0,0,7
4,139929,-0.11,-0.03,0.99,-0.05,-3.08,0.23,-0.10,2258,-1012,-9546,-1,0,-1,0,0,0,7
5,140013,-0.29,-0.25,-0.56,0.73,2.35,-0.77,-0.74,-5801,-12575,-10778,91,-3,0,0,0,0,7
0,140087,-0.04,0.34,0.92,-0.19,2.46,-0.05,-0.39,-526,-3836,-9257,-1,0,-1,0,0,0,7
1,140471,0.12,0.10,0.99,-0.02,2.93,-0.25,-0.02,-1893,-166,-7493,0,0,0,0,0,0,7
2,140504,0.05,-0.00,1.00,-0.05,-3.14,-0.11,-0.10,-846,-775,-7823,0,0,0,0,0,0,7
3,140577,-0.07,0.59,0.80,-0.08,1.87,0.02,-0.21,159,-1986,-9051,0,0,0,0,0,0,7
4,140648,-0.11,-0.03,0.99,-0.05,-3.08,0.23,-0.10,2258,-1002,-9574,-1,0,-1,0,0,0,7
5,140732,0.12,-0.46,-0.31,0.83,2.98,-0.75,-0.67,-5812,-12567,-10782,91,-3,0,0,0,0,7
0,140825,-0.04,0.34,0.92,-0.19,2.46,-0.05,-0.39,-536,-3835,-9250,-1,-1,0,0,0,0,7
1,141210,0.12,0.10,0.99,-0.02,2.92,-0.25,-0.02,-1897,-173,-7487,-1,0,-1,0,0,0,7
2,141243,0.05,-0.00,1.00,-0.05,-3.14,-0.11,-0.10,-839,-782,-7822,-1,0,0,0,0,0,7
3,141317,-0.07,0.59,0.80,-0.08,1.87,0.02,-0.21,167,-1991,-9065,-1,-1,0,0,0,0,7
4,141409,-0.11,-0.03,0.99,-0.05,-3.08,0.23,-0.10,2261,-1005,-9573,-1,0,0,0,0,0,7
5,141491,0.53,-0.54,0.03,0.65,-1.36,-0.82,-0.57,-5809,-12571,-10795,90,-3,0,0,0,0,7
0,141563,-0.04,0.34,0.92,-0.19,2.46,-0.05,-0.39,-539,-3834,-9268,0,0,-1,0,0,0,7
1,141948,0.12,0.10,0.99,-0.02,2.92,-0.25,-0.02,-1892,-165,-7486,-1,0,-1,0,0,0,7
2,141983,0.05,-0.00,1.00,-0.05,-3.14,-0.11,-0.10,-847,-771,-7824,0,0,0,0,0,0,7
3,142055,-0.07,0.59,0.80,-0.08,1.87,0.02,-0.21,153,-1986,-9048,-1,-1,0,0,0,0,7
4,142148,-0.11,-0.03,0.99,-0.05,-3.08,0.23,-0.10,2256,-1013,-9573,-1,0,0,0,0,0,7
5,142230,0.79,-0.44,0.35,0.24,-0.82,-0.87,-0.55,-5805,-12559,-10800,91,-3,0,0,0,0,7
0,142302,-0.04,0.34,0.92,-0.19,2.46,-0.05,-0.39,-553,-3836,-9267,0,-1,0,0,0,0,7
1,142688,0.12,0.10,0.99,-0.02,2.92,-0.25,-0.02,-1895,-172,-7492,0,0,0,0,0,0,7
2,142724,0.05,-0.00,1.00,-0.05,-3.14,-0.11,-0.10,-838,-767,-7832,0,-1,0,0,0,0,7
3,142793,-0.07,0.59,0.80,-0.08,1.87,0.02,-0.21,151,-1990,-9048,-1,0,0,0,0,0,7
4,142868,-0.11,-0.02,0.99,-0.05,-3.08,0.23,-0.10,2247,-1005,-9560,-1,0,0,0,0,0,7
5,142950,0.78,-0.17,0.55,-0.26,0.66,-0.87,-0.58,-5817,-12571,-10793,91,-3,0,0,0,0,7
0,143040,-0.04,0.34,0.92,-0.19,2.46,-0.05,-0.39,-547,-3833,-9259,0,-1,0,0,0,0,7
1,143427,0.12,0.10,0.99,-0.02,2.92,-0.25,-0.02,-1896,-172,-7499,-1,0,0,0,0,0,7
2,143464,0.05,-0.00,1.00,-0.05,3.14,-0.11,-0.10,-840,-766,-7826,-1,0,0,0,0,0,7
3,143534,-0.07,0.59,0.80,-0.08,1.86,0.02,-0.21,154,-1997,-9055,-1,-1,0,0,0,0,7
4,143609,-0.11,-0.02,0.99,-0.05,-3.08,0.23,-0.10,2256,-999,-9561,-1,0,-1,0,0,0,7
5,143689,0.49,0.16,0.55,-0.66,2.09,-0.85,-0.60,-5800,-12578,-10786,91,-3,0,0,0,0,7
0,143778,-0.04,0.34,0.92,-0.19,2.46,-0.06,-0.39,-564,-3825,-9261,-1,0,0,0,0,0,7
1,144166,0.12,0.10,0.99,-0.02,2.92,-0.25,-0.02,-1893,-162,-7506,-1,-1,0,0,0,0,7
2,144203,0.05,-0.00,1.00,-0.05,3.14,-0.11,-0.10,-850,-780,-7831,-1,0,0,0,0,0,7
3,144272,-0.07,0.60,0.80,-0.08,1.86,0.02,-0.21,155,-1993,-9044,-1,0,0,0,0,0,7
4,144349,-0.11,-0.02,0.99,-0.05,-3.08,0.23,-0.10,2255,-1011,-9552,-1,0,0,0,0,0,7
5,144428,0.03,0.44,0.36,-0.82,2.60,-0.84,-0.60,-5805,-12576,-10790,91,-3,0,0,0,0,7
0,144517,-0.04,0.34,0.92,-0.19,2.46,-0.06,-0.39,-554,-3832,-9265,-1,-1,0,0,0,0,7
1,144905,0.12,0.10,0.99,-0.02,2.92,-0.25,-0.02,-1901,-174,-7491,-1,0,0,0,0,0,7
2,144944,0.05,-0.00,1.00,-0.05,3.14,-0.11,-0.10,-848,-775,-7837,-1,-1,0,0,0,0,7
3,145010,-0.07,0.60,0.80,-0.08,1.86,0.02,-0.21,150,-1993,-9063,-1,-1,0,0,0,0,7
4,145089,-0.11,-0.02,0.99,-0.05,-3.08,0.23,-0.10,2252,-1004,-9558,-1,0,0,0,0,0,7
5,145187,-0.45,0.56,0.04,-0.69,-1.51,-0.85,-0.59,-5807,-12564,-10784,91,-3,0,0,0,0,7
0,145255,-0.04,0.34,0.92,-0.19,2.46,-0.06,-0.39,-555,-3837,-9261,0,-1,-1,0,0,0,7
1,145644,0.12,0.10,0.99,-0.02,2.92,-0.25,-0.02,-1893,-163,-7483,-1,0,0,0,0,0,7
2,145683,0.05,-0.00,1.00,-0.05,3.14,-0.11,-0.10,-852,-776,-7815,-1,0,0,0,0,0,7
3,145750,-0.07,0.60,0.80,-0.08,1.86,0.02,-0.21,155,-1984,-9062,-1,0,0,0,0,0,7
4,145828,-0.11,-0.02,0.99,-0.05,-3.08,0.23,-0.10,2252,-1016,-9556,-1,0,0,0,0,0,7
5,145905,-0.76,0.49,-0.28,-0.33,-0.89,-0.85,-0.59,-5810,-12566,-10794,90,-3,0,0,0,0,7
0,145994,-0.04,0.34,0.92,-0.19,2.46,-0.06,-0.39,-557,-3833,-9259,-1,-1,-1,0,0,0,7
1,146383,0.12,0.10,0.99,-0.02,2.92,-0.25,-0.02,-1890,-162,-7500,0,-1,-1,0,0,0,7
2,146423,0.05,0.00,1.00,-0.05,3.14,-0.11,-0.10,-852,-778,-7828,-1,0,0,0,0,0,7
3,146488,-0.07,0.60,0.79,-0.08,1.86,0.02,-0.21,148,-1993,-9060,-1,0,0,0,0,0,7
4,146569,-0.11,-0.02,0.99,-0.05,-3.08,0.23,-0.10,2257,-999,-9548,-1,-1,0,0,0,0,7
5,146644,-0.81,0.24,-0.51,0.16,0.02,-0.85,-0.59,-5808,-12570,-10780,91,-3,0,0,0,0,7
0,146733,-0.04,0.34,0.92,-0.19,2.46,-0.06,-0.39,-556,-3818,-9249,0,0,-1,0,0,0,7
1,147122,0.12,0.10,0.99,-0.02,2.92,-0.25,-0.02,-1896,-176,-7478,0,-1,-1,0,0,0,7
2,147164,0.05,0.00,1.00,-0.05,3.13,-0.11,-0.10,-854,-769,-7822,-1,0,0,0,0,0,7
3,147227,-0.07,0.60,0.79,-0.08,1.86,0.02,-0.21,143,-1984,-9048,-1,-1,0,0,0,0,7
4,147308,-0.11,-0.02,0.99,-0.05,-3.08,0.23,-0.10,2248,-995,-9566,0,0,0,0,0,0,7
5,147385,-0.58,-0.09,-0.56,0.59,1.96,-0.85,-0.59,-5804,-12559,-10771,90,-3,0,0,0,0,7
0,147471,-0.04,0.34,0.92,-0.19,2.46,-0.06,-0.39,-569,-3835,-9268,-1,-1,-1,0,0,0,7
1,147861,0.12,0.10,0.99,-0.02,2.92,-0.25,-0.02,-1899,-163,-7488,-1,0,0,0,0,0,7
2,147884,0.05,0.00,1.00,-0.05,3.13,-0.11,-0.10,-857,-766,-7817,0,-1,-1,0,0,0,7
3,147965,-0.07,0.60,0.79,-0.08,1.85,0.02,-0.21,149,-1988,-9069,-1,0,0,0,0,0,7
4,148049,-0.11,-0.02,0.99,-0.05,-3.08,0.23,-0.10,2250,-1007,-9579,0,0,-1,0,0,0,7
5,148123,-0.14,-0.39,-0.41,0.81,2.44,-0.85,-0.59,-5804,-12561,-10786,91,-3,0,0,0,0,7
0,148209,-0.04,0.34,0.92,-0.19,2.46,-0.06,-0.39,-562,-3825,-9262,0,-1,-1,0,0,0,7
1,148599,0.12,0.10,0.99,-0.02,2.92,-0.25,-0.02,-1890,-151,-7488,-1,0,0,0,0,0,7
2,148624,0.05,0.00,1.00,-0.05,3.14,-0.11,-0.10,-852,-768,-7846,0,-1,-1,0,0,0,7
3,148704,-0.07,0.60,0.79,-0.08,1.85,0.02,-0.22,155,-1987,-9065,0,-1,0,0,0,0,7
4,148789,-0.11,-0.02,0.99,-0.05,-3.08,0.23,-0.10,2256,-1006,-9548,0,-1,0,0,0,0,7
5,148862,0.34,-0.55,-0.12,0.75,-1.94,-0.85,-0.59,-5805,-12565,-10782,91,-3,0,0,0,0,7
0,148947,-0.04,0.34,0.92,-0.19,2.46,-0.06,-0.39,-570,-3821,-9263,0,-1,-1,0,0,0,7
1,149340,0.12,0.10,0.99,-0.02,2.92,-0.25,-0.02,-1884,-169,-7492,-1,-1,0,0,0,0,7
2,149363,0.05,0.00,1.00,-0.05,3.14,-0.11,-0.10,-843,-760,-7828,-1,-1,-1,0,0,0,7
3,149443,-0.07,0.60,0.79,-0.08,1.85,0.02,-0.22,151,-1978,-9054,0,0,0,0,0,0,7
4,149529,-0.11,-0.02,0.99,-0.05,-3.08,0.23,-0.10,2254,-1002,-9567,0,0,0,0,0,0,7
5,149602,0.71,-0.52,0.22,0.42,-0.99,-0.85,-0.59,-5797,-12565,-10805,90,-3,0,0,0,0,7
0,149686,-0.04,0.34,0.92,-0.19,2.46,-0.06,-0.39,-582,-3818,-9264,0,-1,-1,0,0,0,7
1,150079,0.12,0.10,0.99,-0.02,2.92,-0.25,-0.02,-1895,-161,-7504,-1,-1,-1,0,0,0,7
2,150104,0.05,0.00,1.00,-0.05,3.14,-0.11,-0.10,-848,-773,-7824,0,-1,-1,0,0,0,7
3,150182,-0.07,0.60,0.79,-0.08,1.85,0.02,-0.22,152,-1977,-9051,0,-1,0,0,0,0,7
4,150268,-0.11,-0.02,0.99,-0.05,-3.08,0.23,-0.10,2238,-1010,-9565,-1,-1,-1,0,0,0,7
5,150361,0.82,-0.30,0.48,-0.07,-0.33,-0.85,-0.59,-5807,-12563,-10790,91,-3,0,0,0,0,7
0,150445,-0.04,0.34,0.92,-0.19,2.46,-0.06,-0.39,-574,-3823,-9262,0,-1,-1,0,0,0,7
1,150817,0.12,0.10,0.99,-0.02,2.92,-0.25,-0.02,-1900,-174,-7484,0,-1,0,0,0,0,7
2,150843,0.05,-0.00,1.00,-0.05,3.14,-0.11,-0.10,-851,-774,-7833,0,-1,-1,0,0,0,7
3,150922,-0.07,0.60,0.79,-0.08,1.85,0.02,-0.22,159,-1976,-9055,0,-1,0,0,0,0,7
4,151009,-0.11,-0.02,0.99,-0.05,-3.08,0.23,-0.10,2252,-993,-9574,-1,0,0,0,0,0,7
5,151079,0.65,0.02,0.57,-0.51,1.80,-0.85,-0.59,-5798,-12564,-10788,91,-3,0,0,0,0,7
0,151162,-0.04,0.34,0.92,-0.19,2.46,-0.06,-0.39,-574,-3821,-9256,0,-1,-1,0,0,0,7
1,151557,0.12,0.10,0.99,-0.02,2.92,-0.25,-0.02,-1885,-156,-7495,0,-1,0,0,0,0,7
2,151584,0.05,-0.00,1.00,-0.05,3.14,-0.11,-0.10,-852,-766,-7841,0,0,-1,0,0,0,7
3,151660,-0.07,0.60,0.79,-0.08,1.85,0.02,-0.22,149,-1984,-9065,0,-1,-1,0,0,0,7
4,151748,-0.11,-0.02,0.99,-0.05,-3.08,0.23,-0.10,2243,-1007,-9559,0,-1,0,0,0,0,7
5,151819,0.25,0.33,0.46,-0.79,2.33,-0.85,-0.59,-5810,-12561,-10783,91,-3,0,0,0,0,7
0,151901,-0.04,0.34,0.92,-0.19,2.46,-0.06,-0.39,-574,-3813,-9267,0,-1,-1,0,0,0,7
1,152295,0.12,0.10,0.99,-0.02,2.92,-0.24,-0.02,-1867,-165,-7494,0,0,0,0,0,0,7
2,152324,0.05,-0.00,1.00,-0.05,3.14,-0.11,-0.10,-840,-770,-7827,0,0,0,0,0,0,7
3,152398,-0.07,0.60,0.79,-0.08,1.85,0.02,-0.22,169,-1986,-9046,-1,-1,-1,0,0,0,7
4,152489,-0.12,-0.02,0.99,-0.05,-3.08,0.23,-0.10,2268,-1004,-9564,0,1,0,0,0,0,-1
5,152557,-0.24,0.53,0.19,-0.79,-2.60,-0.85,-0.59,-5784,-12556,-10793,91,-2,0,0,0,0,-1
0,152639,-0.04,0.34,0.92,-0.19,2.46,-0.06,-0.39,-568,-3812,-9265,-1,-1,-1,0,0,0,-1
1,153034,0.12,0.10,0.99,-0.02,2.92,-0.25,-0.02,-1868,-153,-7485,-1,-2,0,0,0,0,-1
2,153064,0.05,-0.00,1.00,-0.05,3.14,-0.11,-0.10,-850,-772,-7835,-1,0,-1,0,0,0,-1
3,153158,-0.07,0.60,0.79,-0.08,1.85,0.02,-0.22,148,-1981,-9058,0,0,0,0,0,0,-1
4,153230,-0.11,-0.02,0.99,-0.05,-3.08,0.23,-0.10,2241,-1005,-9574,0,-1,-1,0,0,0,-1
5,153317,-0.66,0.54,-0.16,-0.50,-1.07,-0.85,-0.59,-5804,-12551,-10786,91,-3,0,0,0,0,-1
0,153398,-0.04,0.34,0.92,-0.19,2.46,-0.06,-0.39,-572,-3804,-9258,0,-1,-1,0,0,0,-1
1,153774,0.12,0.10,0.99,-0.02,2.92,-0.25,-0.02,-1896,-160,-7502,-1,-4,-1,0,0,0,-1
2,153804,0.05,-0.00,1.00,-0.05,3.14,-0.11,-0.10,-856,-778,-7835,-1,2,-1,0,0,0,-1
3,153896,-0.07,0.60,0.79,-0.08,1.86,0.01,-0.22,128,-1959,-9072,-1,-1,-1,0,0,0,-1
4,153969,-0.11,-0.02,0.99,-0.05,-3.08,0.22,-0.10,2192,-1015,-9518,-1,2,0,0,0,0,-1
5,154055,-0.82,0.36,-0.44,-0.04,-0.56,-0.85,-0.59,-5794,-12536,-10805,91,-1,0,0,0,0,-1
0,154136,-0.04,0.34,0.92,-0.19,2.46,-0.06,-0.39,-603,-3822,-9283,0,0,-1,0,0,0,-1
1,154512,0.24,0.10,0.97,0.01,2.93,-0.48,0.07,-4329,508,-8284,-31,-64,13,0,0,0,-1
2,154544,0.23,-0.01,0.97,0.02,-3.10,-0.47,0.03,-4918,79,-6103,-36,-59,5,0,0,0,-1
3,154635,0.05,0.57,0.80,-0.15,1.91,-0.25,-0.19,-1968,-1708,-9655,-6,-10,10,0,0,0,-1
4,154710,0.18,-0.05,0.98,0.00,-3.04,-0.35,-0.01,-3220,-755,-11116,-10,-178,-8,0,0,0,-1
5,154795,-0.83,0.19,-0.31,0.41,0.88,-0.38,-0.62,-12106,-9970,-12420,90,-311,72,0,0,0,-1
0,154875,0.66,0.14,0.70,-0.22,1.74,-1.44,-0.12,-7756,-2275,-3995,-28,-127,8,0,0,0,-1
1,155272,0.96,0.11,0.18,0.16,-0.29,-0.32,0.27,-2796,2317,8089,-35,3,3,0,0,0,-1
2,155304,0.95,0.07,0.29,0.12,-0.23,-0.57,0.20,-5204,1665,7073,-33,-9,-4,0,0,0,-1
3,155373,0.73,0.22,0.40,-0.50,1.38,-0.95,-0.08,-10451,-516,3659,-8,-112,1,0,0,0,-1
4,155469,0.94,-0.02,0.35,0.04,-0.12,-0.71,-0.01,-5206,79,3294,22,-107,-11,0,0,0,-1
